--
-- File generated with SQLiteStudio v3.3.3 on ma. nov. 8 10:29:56 2022
--
-- Text encoding used: System
--
PRAGMA foreign_keys = off;
BEGIN TRANSACTION;

-- Table: auth_group
DROP TABLE IF EXISTS auth_group;
CREATE TABLE "auth_group" ("id" integer NOT NULL PRIMARY KEY AUTOINCREMENT, "name" varchar(150) NOT NULL UNIQUE);

-- Table: auth_group_permissions
DROP TABLE IF EXISTS auth_group_permissions;
CREATE TABLE "auth_group_permissions" ("id" integer NOT NULL PRIMARY KEY AUTOINCREMENT, "group_id" integer NOT NULL REFERENCES "auth_group" ("id") DEFERRABLE INITIALLY DEFERRED, "permission_id" integer NOT NULL REFERENCES "auth_permission" ("id") DEFERRABLE INITIALLY DEFERRED);

-- Table: auth_permission
DROP TABLE IF EXISTS auth_permission;
CREATE TABLE "auth_permission" ("id" integer NOT NULL PRIMARY KEY AUTOINCREMENT, "content_type_id" integer NOT NULL REFERENCES "django_content_type" ("id") DEFERRABLE INITIALLY DEFERRED, "codename" varchar(100) NOT NULL, "name" varchar(255) NOT NULL);
INSERT INTO auth_permission (id, content_type_id, codename, name) VALUES (1, 1, 'add_logentry', 'Can add log entry');
INSERT INTO auth_permission (id, content_type_id, codename, name) VALUES (2, 1, 'change_logentry', 'Can change log entry');
INSERT INTO auth_permission (id, content_type_id, codename, name) VALUES (3, 1, 'delete_logentry', 'Can delete log entry');
INSERT INTO auth_permission (id, content_type_id, codename, name) VALUES (4, 1, 'view_logentry', 'Can view log entry');
INSERT INTO auth_permission (id, content_type_id, codename, name) VALUES (5, 2, 'add_permission', 'Can add permission');
INSERT INTO auth_permission (id, content_type_id, codename, name) VALUES (6, 2, 'change_permission', 'Can change permission');
INSERT INTO auth_permission (id, content_type_id, codename, name) VALUES (7, 2, 'delete_permission', 'Can delete permission');
INSERT INTO auth_permission (id, content_type_id, codename, name) VALUES (8, 2, 'view_permission', 'Can view permission');
INSERT INTO auth_permission (id, content_type_id, codename, name) VALUES (9, 3, 'add_group', 'Can add group');
INSERT INTO auth_permission (id, content_type_id, codename, name) VALUES (10, 3, 'change_group', 'Can change group');
INSERT INTO auth_permission (id, content_type_id, codename, name) VALUES (11, 3, 'delete_group', 'Can delete group');
INSERT INTO auth_permission (id, content_type_id, codename, name) VALUES (12, 3, 'view_group', 'Can view group');
INSERT INTO auth_permission (id, content_type_id, codename, name) VALUES (13, 4, 'add_user', 'Can add user');
INSERT INTO auth_permission (id, content_type_id, codename, name) VALUES (14, 4, 'change_user', 'Can change user');
INSERT INTO auth_permission (id, content_type_id, codename, name) VALUES (15, 4, 'delete_user', 'Can delete user');
INSERT INTO auth_permission (id, content_type_id, codename, name) VALUES (16, 4, 'view_user', 'Can view user');
INSERT INTO auth_permission (id, content_type_id, codename, name) VALUES (17, 5, 'add_contenttype', 'Can add content type');
INSERT INTO auth_permission (id, content_type_id, codename, name) VALUES (18, 5, 'change_contenttype', 'Can change content type');
INSERT INTO auth_permission (id, content_type_id, codename, name) VALUES (19, 5, 'delete_contenttype', 'Can delete content type');
INSERT INTO auth_permission (id, content_type_id, codename, name) VALUES (20, 5, 'view_contenttype', 'Can view content type');
INSERT INTO auth_permission (id, content_type_id, codename, name) VALUES (21, 6, 'add_session', 'Can add session');
INSERT INTO auth_permission (id, content_type_id, codename, name) VALUES (22, 6, 'change_session', 'Can change session');
INSERT INTO auth_permission (id, content_type_id, codename, name) VALUES (23, 6, 'delete_session', 'Can delete session');
INSERT INTO auth_permission (id, content_type_id, codename, name) VALUES (24, 6, 'view_session', 'Can view session');
INSERT INTO auth_permission (id, content_type_id, codename, name) VALUES (25, 7, 'add_janariak', 'Can add janariak');
INSERT INTO auth_permission (id, content_type_id, codename, name) VALUES (26, 7, 'change_janariak', 'Can change janariak');
INSERT INTO auth_permission (id, content_type_id, codename, name) VALUES (27, 7, 'delete_janariak', 'Can delete janariak');
INSERT INTO auth_permission (id, content_type_id, codename, name) VALUES (28, 7, 'view_janariak', 'Can view janariak');
INSERT INTO auth_permission (id, content_type_id, codename, name) VALUES (29, 8, 'add_bezeroak', 'Can add bezeroak');
INSERT INTO auth_permission (id, content_type_id, codename, name) VALUES (30, 8, 'change_bezeroak', 'Can change bezeroak');
INSERT INTO auth_permission (id, content_type_id, codename, name) VALUES (31, 8, 'delete_bezeroak', 'Can delete bezeroak');
INSERT INTO auth_permission (id, content_type_id, codename, name) VALUES (32, 8, 'view_bezeroak', 'Can view bezeroak');
INSERT INTO auth_permission (id, content_type_id, codename, name) VALUES (33, 9, 'add_erabiltzaileak', 'Can add erabiltzaileak');
INSERT INTO auth_permission (id, content_type_id, codename, name) VALUES (34, 9, 'change_erabiltzaileak', 'Can change erabiltzaileak');
INSERT INTO auth_permission (id, content_type_id, codename, name) VALUES (35, 9, 'delete_erabiltzaileak', 'Can delete erabiltzaileak');
INSERT INTO auth_permission (id, content_type_id, codename, name) VALUES (36, 9, 'view_erabiltzaileak', 'Can view erabiltzaileak');
INSERT INTO auth_permission (id, content_type_id, codename, name) VALUES (37, 10, 'add_txartelak', 'Can add txartelak');
INSERT INTO auth_permission (id, content_type_id, codename, name) VALUES (38, 10, 'change_txartelak', 'Can change txartelak');
INSERT INTO auth_permission (id, content_type_id, codename, name) VALUES (39, 10, 'delete_txartelak', 'Can delete txartelak');
INSERT INTO auth_permission (id, content_type_id, codename, name) VALUES (40, 10, 'view_txartelak', 'Can view txartelak');
INSERT INTO auth_permission (id, content_type_id, codename, name) VALUES (41, 11, 'add_bidalketak', 'Can add bidalketak');
INSERT INTO auth_permission (id, content_type_id, codename, name) VALUES (42, 11, 'change_bidalketak', 'Can change bidalketak');
INSERT INTO auth_permission (id, content_type_id, codename, name) VALUES (43, 11, 'delete_bidalketak', 'Can delete bidalketak');
INSERT INTO auth_permission (id, content_type_id, codename, name) VALUES (44, 11, 'view_bidalketak', 'Can view bidalketak');
INSERT INTO auth_permission (id, content_type_id, codename, name) VALUES (45, 12, 'add_saskiak', 'Can add saskiak');
INSERT INTO auth_permission (id, content_type_id, codename, name) VALUES (46, 12, 'change_saskiak', 'Can change saskiak');
INSERT INTO auth_permission (id, content_type_id, codename, name) VALUES (47, 12, 'delete_saskiak', 'Can delete saskiak');
INSERT INTO auth_permission (id, content_type_id, codename, name) VALUES (48, 12, 'view_saskiak', 'Can view saskiak');
INSERT INTO auth_permission (id, content_type_id, codename, name) VALUES (49, 13, 'add_erosketak', 'Can add erosketak');
INSERT INTO auth_permission (id, content_type_id, codename, name) VALUES (50, 13, 'change_erosketak', 'Can change erosketak');
INSERT INTO auth_permission (id, content_type_id, codename, name) VALUES (51, 13, 'delete_erosketak', 'Can delete erosketak');
INSERT INTO auth_permission (id, content_type_id, codename, name) VALUES (52, 13, 'view_erosketak', 'Can view erosketak');

-- Table: auth_user
DROP TABLE IF EXISTS auth_user;
CREATE TABLE "auth_user" ("id" integer NOT NULL PRIMARY KEY AUTOINCREMENT, "password" varchar(128) NOT NULL, "last_login" datetime NULL, "is_superuser" bool NOT NULL, "username" varchar(150) NOT NULL UNIQUE, "last_name" varchar(150) NOT NULL, "email" varchar(254) NOT NULL, "is_staff" bool NOT NULL, "is_active" bool NOT NULL, "date_joined" datetime NOT NULL, "first_name" varchar(150) NOT NULL);
INSERT INTO auth_user (id, password, last_login, is_superuser, username, last_name, email, is_staff, is_active, date_joined, first_name) VALUES (1, 'pbkdf2_sha256$390000$mxQC8M87P7nCflObWaQofm$5BlgC6OE6E5VlibnFh1BE0aCWF9AZzh/c/yAhtwoqMo=', '2022-11-07 12:38:43.678388', 1, 'thefoodkingdom', 'Gonzalez', 'thefoodkingdom@gmail.com', 1, 1, '2022-10-26 07:22:27', 'Segismundo');
INSERT INTO auth_user (id, password, last_login, is_superuser, username, last_name, email, is_staff, is_active, date_joined, first_name) VALUES (2, 'pbkdf2_sha256$390000$N4eN93X0KJCWiushuNoN13$A8VnKUA13vMEyj5/Coo/IcfAMepZMPIT4W9pRgajqCI=', NULL, 1, 'Manolo1986', 'Gonzalez', 'manolo86@gmail.com', 1, 1, '2022-10-28 07:25:44', 'Manolo');
INSERT INTO auth_user (id, password, last_login, is_superuser, username, last_name, email, is_staff, is_active, date_joined, first_name) VALUES (3, 'pbkdf2_sha256$390000$Ov5FN7WinzgBLbxJCXq65j$Fx6CwhNAfb+8+rPtrqjkS6w6hKclLHPvVZiwdzyYNcA=', NULL, 1, 'Miren1975', 'Reguero', 'miren75@gmail.com', 1, 1, '2022-10-28 07:26:22', 'Miren');
INSERT INTO auth_user (id, password, last_login, is_superuser, username, last_name, email, is_staff, is_active, date_joined, first_name) VALUES (4, 'pbkdf2_sha256$390000$VQNDbxY6r8hn5qIdHTB0vK$xwuPr1ZG1QJoprlbwwqGBnPwkDk0wy/VWNGz0GjlwZI=', NULL, 1, 'admin', '', 'admin@admin.com', 1, 1, '2022-10-28 07:28:04.273400', '');
INSERT INTO auth_user (id, password, last_login, is_superuser, username, last_name, email, is_staff, is_active, date_joined, first_name) VALUES (5, 'pbkdf2_sha256$390000$Si6SE7ihNqT7erwWmYAkUl$gp1lCSfYXsPQ+9fqwdGlcWKlHeRmCcGeWRftGgUi01c=', NULL, 1, 'Markel2001', 'Salgado', 'markel01@gmail.com', 1, 1, '2022-10-28 07:28:32', 'Markel');
INSERT INTO auth_user (id, password, last_login, is_superuser, username, last_name, email, is_staff, is_active, date_joined, first_name) VALUES (6, 'pbkdf2_sha256$390000$RImYeMonB1gROgsrzNKOWR$NtvXNuF0Vw6eXpTjl0gsbQZRlYNKMnMk96stf69sY1Q=', NULL, 1, 'Hegoi2000', 'Garate', 'hegoi00@gmail.com', 1, 1, '2022-10-28 07:29:04', 'Hegoi');
INSERT INTO auth_user (id, password, last_login, is_superuser, username, last_name, email, is_staff, is_active, date_joined, first_name) VALUES (7, 'pbkdf2_sha256$390000$zN713VMB4i1R07q0nlEOLN$XgauZuSaab81Goo58QzYtkgc9eRfjvgtOVYWISFMubM=', NULL, 1, 'Maitane2002', 'Gallastegui', 'maitane02@gmail.com', 1, 1, '2022-10-28 07:29:37', 'Maitane');

-- Table: auth_user_groups
DROP TABLE IF EXISTS auth_user_groups;
CREATE TABLE "auth_user_groups" ("id" integer NOT NULL PRIMARY KEY AUTOINCREMENT, "user_id" integer NOT NULL REFERENCES "auth_user" ("id") DEFERRABLE INITIALLY DEFERRED, "group_id" integer NOT NULL REFERENCES "auth_group" ("id") DEFERRABLE INITIALLY DEFERRED);

-- Table: auth_user_user_permissions
DROP TABLE IF EXISTS auth_user_user_permissions;
CREATE TABLE "auth_user_user_permissions" ("id" integer NOT NULL PRIMARY KEY AUTOINCREMENT, "user_id" integer NOT NULL REFERENCES "auth_user" ("id") DEFERRABLE INITIALLY DEFERRED, "permission_id" integer NOT NULL REFERENCES "auth_permission" ("id") DEFERRABLE INITIALLY DEFERRED);

-- Table: bezeroa_bezeroak
DROP TABLE IF EXISTS bezeroa_bezeroak;
CREATE TABLE "bezeroa_bezeroak" ("dni" varchar(9) NOT NULL PRIMARY KEY, "posta_kodea" varchar(5) NULL, "herria" varchar(50) NULL, "probintzia" varchar(50) NULL, "id_erabiltzaile_id" integer NULL REFERENCES "auth_user" ("id") DEFERRABLE INITIALLY DEFERRED, "telefono_zenbakia" varchar(9) NULL);
INSERT INTO bezeroa_bezeroak (dni, posta_kodea, herria, probintzia, id_erabiltzaile_id, telefono_zenbakia) VALUES ('53983274C', '20570', 'Bergara', 'Gipuzkoa', 5, '669590585');
INSERT INTO bezeroa_bezeroak (dni, posta_kodea, herria, probintzia, id_erabiltzaile_id, telefono_zenbakia) VALUES ('89452502R', '20600', 'Eibar', 'Gipuzkoa', 3, '665728845');
INSERT INTO bezeroa_bezeroak (dni, posta_kodea, herria, probintzia, id_erabiltzaile_id, telefono_zenbakia) VALUES ('78984582F', '48240', 'Berriz', 'Bizkaia', 2, '655201225');
INSERT INTO bezeroa_bezeroak (dni, posta_kodea, herria, probintzia, id_erabiltzaile_id, telefono_zenbakia) VALUES ('20223157J', '20600', 'Eibar', 'Gipuzkoa', 6, '669895610');
INSERT INTO bezeroa_bezeroak (dni, posta_kodea, herria, probintzia, id_erabiltzaile_id, telefono_zenbakia) VALUES ('58941258A', '20570', 'Bergara', 'Gipuzkoa', 7, '665230125');
INSERT INTO bezeroa_bezeroak (dni, posta_kodea, herria, probintzia, id_erabiltzaile_id, telefono_zenbakia) VALUES ('78945620O', '20570', 'Bergara', 'Gipuzkoa', 4, '664895320');
INSERT INTO bezeroa_bezeroak (dni, posta_kodea, herria, probintzia, id_erabiltzaile_id, telefono_zenbakia) VALUES ('14525878F', '20600', 'Eibar', 'Gipuzkoa', 1, '664895123');

-- Table: bidalketa_bidalketak
DROP TABLE IF EXISTS bidalketa_bidalketak;
CREATE TABLE "bidalketa_bidalketak" ("id" integer NOT NULL PRIMARY KEY AUTOINCREMENT, "eguna" date NULL, "helbidea" varchar(50) NOT NULL, "erosketa_id_id" integer NOT NULL REFERENCES "erosketa_erosketak" ("id") DEFERRABLE INITIALLY DEFERRED, "ordua" time NULL);

-- Table: bidalketa_txartelak
DROP TABLE IF EXISTS bidalketa_txartelak;
CREATE TABLE "bidalketa_txartelak" ("zenbakia" integer NOT NULL PRIMARY KEY, "cvv" varchar(3) NOT NULL, "bezero_dni_id" varchar(9) NOT NULL REFERENCES "bezeroa_bezeroak" ("dni") DEFERRABLE INITIALLY DEFERRED, "iraungitze_data" varchar(7) NOT NULL);
INSERT INTO bidalketa_txartelak (zenbakia, cvv, bezero_dni_id, iraungitze_data) VALUES (4020409677589419, '850', '53983274C', '10/2030');
INSERT INTO bidalketa_txartelak (zenbakia, cvv, bezero_dni_id, iraungitze_data) VALUES (4277778087852215, '883', '58941258A', '05/2028');
INSERT INTO bidalketa_txartelak (zenbakia, cvv, bezero_dni_id, iraungitze_data) VALUES (4461492111725563, '437', '78984582F', '12/2026');
INSERT INTO bidalketa_txartelak (zenbakia, cvv, bezero_dni_id, iraungitze_data) VALUES (4466279364464338, '243', '20223157J', '05/2030');
INSERT INTO bidalketa_txartelak (zenbakia, cvv, bezero_dni_id, iraungitze_data) VALUES (4836803213862914, '586', '89452502R', '01/2029');
INSERT INTO bidalketa_txartelak (zenbakia, cvv, bezero_dni_id, iraungitze_data) VALUES (4912904116298207, '681', '14525878F', '01/2027');
INSERT INTO bidalketa_txartelak (zenbakia, cvv, bezero_dni_id, iraungitze_data) VALUES (4912904116298250, '681', '78945620O', '01/2027');
INSERT INTO bidalketa_txartelak (zenbakia, cvv, bezero_dni_id, iraungitze_data) VALUES (5732094116298789, '674', '53983274C', '07/2027');

-- Table: django_admin_log
DROP TABLE IF EXISTS django_admin_log;
CREATE TABLE "django_admin_log" ("id" integer NOT NULL PRIMARY KEY AUTOINCREMENT, "object_id" text NULL, "object_repr" varchar(200) NOT NULL, "action_flag" smallint unsigned NOT NULL CHECK ("action_flag" >= 0), "change_message" text NOT NULL, "content_type_id" integer NULL REFERENCES "django_content_type" ("id") DEFERRABLE INITIALLY DEFERRED, "user_id" integer NOT NULL REFERENCES "auth_user" ("id") DEFERRABLE INITIALLY DEFERRED, "action_time" datetime NOT NULL);
INSERT INTO django_admin_log (id, object_id, object_repr, action_flag, change_message, content_type_id, user_id, action_time) VALUES (1, '1', 'Taco al pastor', 1, '[{"added": {}}]', 7, 1, '2022-10-26 10:12:01.951359');
INSERT INTO django_admin_log (id, object_id, object_repr, action_flag, change_message, content_type_id, user_id, action_time) VALUES (2, '2', 'Taco de canasta', 1, '[{"added": {}}]', 7, 1, '2022-10-26 10:13:46.993557');
INSERT INTO django_admin_log (id, object_id, object_repr, action_flag, change_message, content_type_id, user_id, action_time) VALUES (3, '3', 'Tacos dorados', 1, '[{"added": {}}]', 7, 1, '2022-10-26 10:16:15.978591');
INSERT INTO django_admin_log (id, object_id, object_repr, action_flag, change_message, content_type_id, user_id, action_time) VALUES (4, '4', 'Tacos de barbacoa', 1, '[{"added": {}}]', 7, 1, '2022-10-26 10:19:31.058747');
INSERT INTO django_admin_log (id, object_id, object_repr, action_flag, change_message, content_type_id, user_id, action_time) VALUES (5, '5', 'Tacos de carnitas', 1, '[{"added": {}}]', 7, 1, '2022-10-26 10:21:18.103866');
INSERT INTO django_admin_log (id, object_id, object_repr, action_flag, change_message, content_type_id, user_id, action_time) VALUES (6, '6', 'Tacos de guisado', 1, '[{"added": {}}]', 7, 1, '2022-10-26 10:26:45.606084');
INSERT INTO django_admin_log (id, object_id, object_repr, action_flag, change_message, content_type_id, user_id, action_time) VALUES (7, '7', 'Tacos de carne asada', 1, '[{"added": {}}]', 7, 1, '2022-10-26 10:39:19.785788');
INSERT INTO django_admin_log (id, object_id, object_repr, action_flag, change_message, content_type_id, user_id, action_time) VALUES (8, '8', 'Tacos de carne asada', 1, '[{"added": {}}]', 7, 1, '2022-10-26 10:39:19.989866');
INSERT INTO django_admin_log (id, object_id, object_repr, action_flag, change_message, content_type_id, user_id, action_time) VALUES (9, '8', 'Tacos de carne asada', 2, '[]', 7, 1, '2022-10-26 10:40:17.240361');
INSERT INTO django_admin_log (id, object_id, object_repr, action_flag, change_message, content_type_id, user_id, action_time) VALUES (10, '9', 'Tacos de suadero', 1, '[{"added": {}}]', 7, 1, '2022-10-26 10:41:06.072594');
INSERT INTO django_admin_log (id, object_id, object_repr, action_flag, change_message, content_type_id, user_id, action_time) VALUES (11, '1', 'Taco al pastor', 2, '[]', 7, 1, '2022-10-26 10:41:09.722394');
INSERT INTO django_admin_log (id, object_id, object_repr, action_flag, change_message, content_type_id, user_id, action_time) VALUES (12, '2', 'Taco de canasta', 2, '[]', 7, 1, '2022-10-26 10:41:12.235865');
INSERT INTO django_admin_log (id, object_id, object_repr, action_flag, change_message, content_type_id, user_id, action_time) VALUES (13, '3', 'Tacos dorados', 2, '[]', 7, 1, '2022-10-26 10:41:14.369664');
INSERT INTO django_admin_log (id, object_id, object_repr, action_flag, change_message, content_type_id, user_id, action_time) VALUES (14, '3', 'Tacos dorados', 2, '[]', 7, 1, '2022-10-26 10:41:14.456666');
INSERT INTO django_admin_log (id, object_id, object_repr, action_flag, change_message, content_type_id, user_id, action_time) VALUES (15, '4', 'Tacos de barbacoa', 2, '[]', 7, 1, '2022-10-26 10:41:16.976725');
INSERT INTO django_admin_log (id, object_id, object_repr, action_flag, change_message, content_type_id, user_id, action_time) VALUES (16, '5', 'Tacos de carnitas', 2, '[]', 7, 1, '2022-10-26 10:41:19.613041');
INSERT INTO django_admin_log (id, object_id, object_repr, action_flag, change_message, content_type_id, user_id, action_time) VALUES (17, '4', 'Tacos de barbacoa', 2, '[]', 7, 1, '2022-10-26 10:41:21.561292');
INSERT INTO django_admin_log (id, object_id, object_repr, action_flag, change_message, content_type_id, user_id, action_time) VALUES (18, '6', 'Tacos de guisado', 2, '[]', 7, 1, '2022-10-26 10:41:24.009139');
INSERT INTO django_admin_log (id, object_id, object_repr, action_flag, change_message, content_type_id, user_id, action_time) VALUES (19, '7', 'Tacos de carne asada', 2, '[]', 7, 1, '2022-10-26 10:41:26.327846');
INSERT INTO django_admin_log (id, object_id, object_repr, action_flag, change_message, content_type_id, user_id, action_time) VALUES (20, '8', 'Tacos de carne asada', 2, '[]', 7, 1, '2022-10-26 10:41:28.793464');
INSERT INTO django_admin_log (id, object_id, object_repr, action_flag, change_message, content_type_id, user_id, action_time) VALUES (21, '7', 'Tacos de carne asada', 2, '[]', 7, 1, '2022-10-26 10:41:33.376411');
INSERT INTO django_admin_log (id, object_id, object_repr, action_flag, change_message, content_type_id, user_id, action_time) VALUES (22, '7', 'Tacos de carne asada', 3, '', 7, 1, '2022-10-26 10:41:43.478767');
INSERT INTO django_admin_log (id, object_id, object_repr, action_flag, change_message, content_type_id, user_id, action_time) VALUES (23, '8', 'Tacos de carne asada', 2, '[]', 7, 1, '2022-10-26 10:41:56.777392');
INSERT INTO django_admin_log (id, object_id, object_repr, action_flag, change_message, content_type_id, user_id, action_time) VALUES (24, '8', 'Tacos de carne asada', 2, '[]', 7, 1, '2022-10-26 10:42:15.724409');
INSERT INTO django_admin_log (id, object_id, object_repr, action_flag, change_message, content_type_id, user_id, action_time) VALUES (25, '9', 'Tacos de suadero', 2, '[]', 7, 1, '2022-10-26 10:42:20.106421');
INSERT INTO django_admin_log (id, object_id, object_repr, action_flag, change_message, content_type_id, user_id, action_time) VALUES (26, '10', 'Enchiladas de mole', 1, '[{"added": {}}]', 7, 1, '2022-10-26 10:44:30.902292');
INSERT INTO django_admin_log (id, object_id, object_repr, action_flag, change_message, content_type_id, user_id, action_time) VALUES (27, '11', 'Enchiladas de mole', 1, '[{"added": {}}]', 7, 1, '2022-10-26 10:44:31.086685');
INSERT INTO django_admin_log (id, object_id, object_repr, action_flag, change_message, content_type_id, user_id, action_time) VALUES (28, '10', 'Enchiladas de mole', 2, '[]', 7, 1, '2022-10-26 10:45:18.845070');
INSERT INTO django_admin_log (id, object_id, object_repr, action_flag, change_message, content_type_id, user_id, action_time) VALUES (29, '10', 'Enchiladas de mole', 2, '[]', 7, 1, '2022-10-26 10:45:22.014452');
INSERT INTO django_admin_log (id, object_id, object_repr, action_flag, change_message, content_type_id, user_id, action_time) VALUES (30, '11', 'Enchiladas de mole', 2, '[]', 7, 1, '2022-10-26 10:45:24.007976');
INSERT INTO django_admin_log (id, object_id, object_repr, action_flag, change_message, content_type_id, user_id, action_time) VALUES (31, '10', 'Enchiladas de mole', 3, '', 7, 1, '2022-10-26 10:45:28.003584');
INSERT INTO django_admin_log (id, object_id, object_repr, action_flag, change_message, content_type_id, user_id, action_time) VALUES (32, '12', 'Enchiladas Rojas', 1, '[{"added": {}}]', 7, 1, '2022-10-26 10:49:07.575404');
INSERT INTO django_admin_log (id, object_id, object_repr, action_flag, change_message, content_type_id, user_id, action_time) VALUES (33, '12', 'Enchiladas rojas', 2, '[{"changed": {"fields": ["Izena"]}}]', 7, 1, '2022-10-26 10:49:15.819310');
INSERT INTO django_admin_log (id, object_id, object_repr, action_flag, change_message, content_type_id, user_id, action_time) VALUES (34, '13', 'Enchiladas verdes', 1, '[{"added": {}}]', 7, 1, '2022-10-26 10:49:57.798661');
INSERT INTO django_admin_log (id, object_id, object_repr, action_flag, change_message, content_type_id, user_id, action_time) VALUES (35, '14', 'Enchiladas verdes', 1, '[{"added": {}}]', 7, 1, '2022-10-26 10:49:57.939504');
INSERT INTO django_admin_log (id, object_id, object_repr, action_flag, change_message, content_type_id, user_id, action_time) VALUES (36, '13', 'Enchiladas verdes', 3, '', 7, 1, '2022-10-26 10:50:03.272023');
INSERT INTO django_admin_log (id, object_id, object_repr, action_flag, change_message, content_type_id, user_id, action_time) VALUES (37, '14', 'Enchiladas verdes', 2, '[]', 7, 1, '2022-10-26 10:50:05.868764');
INSERT INTO django_admin_log (id, object_id, object_repr, action_flag, change_message, content_type_id, user_id, action_time) VALUES (38, '15', 'Enchiladas suizas', 1, '[{"added": {}}]', 7, 1, '2022-10-26 10:52:12.989857');
INSERT INTO django_admin_log (id, object_id, object_repr, action_flag, change_message, content_type_id, user_id, action_time) VALUES (39, '16', 'Enchiladas mineras', 1, '[{"added": {}}]', 7, 1, '2022-10-26 10:53:46.252975');
INSERT INTO django_admin_log (id, object_id, object_repr, action_flag, change_message, content_type_id, user_id, action_time) VALUES (40, '17', 'Enchiladas de potosinas', 1, '[{"added": {}}]', 7, 1, '2022-10-26 10:55:18.197789');
INSERT INTO django_admin_log (id, object_id, object_repr, action_flag, change_message, content_type_id, user_id, action_time) VALUES (41, '11', 'Enchiladas de mole', 2, '[]', 7, 1, '2022-10-26 10:55:43.922208');
INSERT INTO django_admin_log (id, object_id, object_repr, action_flag, change_message, content_type_id, user_id, action_time) VALUES (42, '12', 'Enchiladas rojas', 2, '[]', 7, 1, '2022-10-26 10:55:48.584104');
INSERT INTO django_admin_log (id, object_id, object_repr, action_flag, change_message, content_type_id, user_id, action_time) VALUES (43, '14', 'Enchiladas verdes', 2, '[]', 7, 1, '2022-10-26 10:55:51.569578');
INSERT INTO django_admin_log (id, object_id, object_repr, action_flag, change_message, content_type_id, user_id, action_time) VALUES (44, '15', 'Enchiladas suizas', 2, '[]', 7, 1, '2022-10-26 10:55:55.920457');
INSERT INTO django_admin_log (id, object_id, object_repr, action_flag, change_message, content_type_id, user_id, action_time) VALUES (45, '16', 'Enchiladas mineras', 2, '[{"changed": {"fields": ["Osagaiak"]}}]', 7, 1, '2022-10-26 10:56:02.834756');
INSERT INTO django_admin_log (id, object_id, object_repr, action_flag, change_message, content_type_id, user_id, action_time) VALUES (46, '17', 'Enchiladas de potosinas', 2, '[]', 7, 1, '2022-10-26 10:56:06.322554');
INSERT INTO django_admin_log (id, object_id, object_repr, action_flag, change_message, content_type_id, user_id, action_time) VALUES (47, '16', 'Enchiladas mineras', 2, '[]', 7, 1, '2022-10-26 10:56:08.307885');
INSERT INTO django_admin_log (id, object_id, object_repr, action_flag, change_message, content_type_id, user_id, action_time) VALUES (48, '15', 'Enchiladas suizas', 2, '[]', 7, 1, '2022-10-26 10:56:10.537010');
INSERT INTO django_admin_log (id, object_id, object_repr, action_flag, change_message, content_type_id, user_id, action_time) VALUES (49, '18', 'Nachos con maiz', 1, '[{"added": {}}]', 7, 1, '2022-10-26 10:57:37.686766');
INSERT INTO django_admin_log (id, object_id, object_repr, action_flag, change_message, content_type_id, user_id, action_time) VALUES (50, '19', 'Nachos 3 salsas', 1, '[{"added": {}}]', 7, 1, '2022-10-26 11:00:10.005104');
INSERT INTO django_admin_log (id, object_id, object_repr, action_flag, change_message, content_type_id, user_id, action_time) VALUES (51, '20', 'Nachos costillar', 1, '[{"added": {}}]', 7, 1, '2022-10-26 11:01:23.313365');
INSERT INTO django_admin_log (id, object_id, object_repr, action_flag, change_message, content_type_id, user_id, action_time) VALUES (52, '21', 'Nachos remix', 1, '[{"added": {}}]', 7, 1, '2022-10-26 11:02:31.727628');
INSERT INTO django_admin_log (id, object_id, object_repr, action_flag, change_message, content_type_id, user_id, action_time) VALUES (53, '22', 'Tamales con salsa verde', 1, '[{"added": {}}]', 7, 1, '2022-10-26 11:04:41.516099');
INSERT INTO django_admin_log (id, object_id, object_repr, action_flag, change_message, content_type_id, user_id, action_time) VALUES (54, '23', 'Tamales con salsa roja', 1, '[{"added": {}}]', 7, 1, '2022-10-26 11:05:10.598999');
INSERT INTO django_admin_log (id, object_id, object_repr, action_flag, change_message, content_type_id, user_id, action_time) VALUES (55, '24', 'Tamales de oaxaqueños', 1, '[{"added": {}}]', 7, 1, '2022-10-26 11:07:28.192628');
INSERT INTO django_admin_log (id, object_id, object_repr, action_flag, change_message, content_type_id, user_id, action_time) VALUES (56, '25', 'Tamales de chaya', 1, '[{"added": {}}]', 7, 1, '2022-10-26 11:08:58.329667');
INSERT INTO django_admin_log (id, object_id, object_repr, action_flag, change_message, content_type_id, user_id, action_time) VALUES (57, '26', 'Tamales dulces', 1, '[{"added": {}}]', 7, 1, '2022-10-26 11:12:16.023774');
INSERT INTO django_admin_log (id, object_id, object_repr, action_flag, change_message, content_type_id, user_id, action_time) VALUES (58, '27', 'Tamales canarios', 1, '[{"added": {}}]', 7, 1, '2022-10-26 11:13:43.248841');
INSERT INTO django_admin_log (id, object_id, object_repr, action_flag, change_message, content_type_id, user_id, action_time) VALUES (59, '28', 'Tamales de pollo', 1, '[{"added": {}}]', 7, 1, '2022-10-26 11:15:45.927434');
INSERT INTO django_admin_log (id, object_id, object_repr, action_flag, change_message, content_type_id, user_id, action_time) VALUES (60, '29', 'Chilaquiles verdes', 1, '[{"added": {}}]', 7, 1, '2022-10-26 11:18:14.768649');
INSERT INTO django_admin_log (id, object_id, object_repr, action_flag, change_message, content_type_id, user_id, action_time) VALUES (61, '30', 'Chilaquiles verdes', 1, '[{"added": {}}]', 7, 1, '2022-10-26 11:18:14.947860');
INSERT INTO django_admin_log (id, object_id, object_repr, action_flag, change_message, content_type_id, user_id, action_time) VALUES (62, '30', 'Chilaquiles verdes', 3, '', 7, 1, '2022-10-26 11:18:20.948301');
INSERT INTO django_admin_log (id, object_id, object_repr, action_flag, change_message, content_type_id, user_id, action_time) VALUES (63, '31', 'Chilaquiles rojos', 1, '[{"added": {}}]', 7, 1, '2022-10-26 11:19:08.413983');
INSERT INTO django_admin_log (id, object_id, object_repr, action_flag, change_message, content_type_id, user_id, action_time) VALUES (64, '32', 'Chilaquiles con camarones', 1, '[{"added": {}}]', 7, 1, '2022-10-26 11:20:42.958103');
INSERT INTO django_admin_log (id, object_id, object_repr, action_flag, change_message, content_type_id, user_id, action_time) VALUES (65, '33', 'Chilaquiles de flor de jamaica', 1, '[{"added": {}}]', 7, 1, '2022-10-26 11:21:46.743862');
INSERT INTO django_admin_log (id, object_id, object_repr, action_flag, change_message, content_type_id, user_id, action_time) VALUES (66, '34', 'Chiles veganos', 1, '[{"added": {}}]', 7, 1, '2022-10-26 11:22:52.384025');
INSERT INTO django_admin_log (id, object_id, object_repr, action_flag, change_message, content_type_id, user_id, action_time) VALUES (67, '35', 'Bocadillo de calamares', 1, '[{"added": {}}]', 7, 1, '2022-10-28 06:09:59.121042');
INSERT INTO django_admin_log (id, object_id, object_repr, action_flag, change_message, content_type_id, user_id, action_time) VALUES (68, '36', 'Bocadillo de ternera con salteado', 1, '[{"added": {}}]', 7, 1, '2022-10-28 06:13:05.125575');
INSERT INTO django_admin_log (id, object_id, object_repr, action_flag, change_message, content_type_id, user_id, action_time) VALUES (69, '37', 'Bocadillo de tinga de pollo al chile chipotle', 1, '[{"added": {}}]', 7, 1, '2022-10-28 06:15:31.541857');
INSERT INTO django_admin_log (id, object_id, object_repr, action_flag, change_message, content_type_id, user_id, action_time) VALUES (70, '38', 'Jamon cocido con membrillo, pera y queso.', 1, '[{"added": {}}]', 7, 1, '2022-10-28 06:17:51.641637');
INSERT INTO django_admin_log (id, object_id, object_repr, action_flag, change_message, content_type_id, user_id, action_time) VALUES (71, '39', 'Bocadillo de pulled pork con aguacate', 1, '[{"added": {}}]', 7, 1, '2022-10-28 06:20:40.284407');
INSERT INTO django_admin_log (id, object_id, object_repr, action_flag, change_message, content_type_id, user_id, action_time) VALUES (72, '40', 'Bocadillo de tomatitos marinados con anchoas.', 1, '[{"added": {}}]', 7, 1, '2022-10-28 06:22:08.032980');
INSERT INTO django_admin_log (id, object_id, object_repr, action_flag, change_message, content_type_id, user_id, action_time) VALUES (73, '41', 'Bocadillo serranito', 1, '[{"added": {}}]', 7, 1, '2022-10-28 06:22:55.964379');
INSERT INTO django_admin_log (id, object_id, object_repr, action_flag, change_message, content_type_id, user_id, action_time) VALUES (74, '42', 'Bocadillo de pollo con chimichurri.', 1, '[{"added": {}}]', 7, 1, '2022-10-28 06:23:45.042454');
INSERT INTO django_admin_log (id, object_id, object_repr, action_flag, change_message, content_type_id, user_id, action_time) VALUES (75, '43', 'Bocadillo de pollo con aguacate, queso y canonigos', 1, '[{"added": {}}]', 7, 1, '2022-10-28 06:24:50.088677');
INSERT INTO django_admin_log (id, object_id, object_repr, action_flag, change_message, content_type_id, user_id, action_time) VALUES (76, '44', 'Bocadillo de secreto con queso y cebolla.', 1, '[{"added": {}}]', 7, 1, '2022-10-28 06:28:22.124993');
INSERT INTO django_admin_log (id, object_id, object_repr, action_flag, change_message, content_type_id, user_id, action_time) VALUES (77, '44', 'Bocadillo de secreto con queso y cebolla', 2, '[{"changed": {"fields": ["Izena"]}}]', 7, 1, '2022-10-28 06:28:27.620728');
INSERT INTO django_admin_log (id, object_id, object_repr, action_flag, change_message, content_type_id, user_id, action_time) VALUES (78, '42', 'Bocadillo de pollo con chimichurri', 2, '[{"changed": {"fields": ["Izena"]}}]', 7, 1, '2022-10-28 06:28:32.499084');
INSERT INTO django_admin_log (id, object_id, object_repr, action_flag, change_message, content_type_id, user_id, action_time) VALUES (79, '40', 'Bocadillo de tomatitos marinados con anchoas', 2, '[{"changed": {"fields": ["Izena"]}}]', 7, 1, '2022-10-28 06:28:39.901126');
INSERT INTO django_admin_log (id, object_id, object_repr, action_flag, change_message, content_type_id, user_id, action_time) VALUES (80, '38', 'Jamon cocido con membrillo, pera y queso', 2, '[{"changed": {"fields": ["Izena"]}}]', 7, 1, '2022-10-28 06:28:45.107814');
INSERT INTO django_admin_log (id, object_id, object_repr, action_flag, change_message, content_type_id, user_id, action_time) VALUES (81, '45', 'Bocadillo bacon, queso y pimientos', 1, '[{"added": {}}]', 7, 1, '2022-10-28 06:29:29.487205');
INSERT INTO django_admin_log (id, object_id, object_repr, action_flag, change_message, content_type_id, user_id, action_time) VALUES (82, '46', 'Bocadillo lomo, queso y pimientos', 1, '[{"added": {}}]', 7, 1, '2022-10-28 06:30:17.597998');
INSERT INTO django_admin_log (id, object_id, object_repr, action_flag, change_message, content_type_id, user_id, action_time) VALUES (83, '47', 'Bocadillo de tortilla con alioli', 1, '[{"added": {}}]', 7, 1, '2022-10-28 06:30:53.163490');
INSERT INTO django_admin_log (id, object_id, object_repr, action_flag, change_message, content_type_id, user_id, action_time) VALUES (84, '48', 'Bocadillo de pechuga, queso y pimientos', 1, '[{"added": {}}]', 7, 1, '2022-10-28 06:31:34.821916');
INSERT INTO django_admin_log (id, object_id, object_repr, action_flag, change_message, content_type_id, user_id, action_time) VALUES (85, '49', 'Hamburguesa de vacuno con jamon, queso y cebolla.', 1, '[{"added": {}}]', 7, 1, '2022-10-28 06:33:51.188999');
INSERT INTO django_admin_log (id, object_id, object_repr, action_flag, change_message, content_type_id, user_id, action_time) VALUES (86, '49', 'Hamburguesa de vacuno con jamon, queso y cebolla', 2, '[{"changed": {"fields": ["Izena"]}}]', 7, 1, '2022-10-28 06:33:58.762603');
INSERT INTO django_admin_log (id, object_id, object_repr, action_flag, change_message, content_type_id, user_id, action_time) VALUES (87, '50', 'Hamburguesa de queso', 1, '[{"added": {}}]', 7, 1, '2022-10-28 06:34:44.869734');
INSERT INTO django_admin_log (id, object_id, object_repr, action_flag, change_message, content_type_id, user_id, action_time) VALUES (88, '51', 'Hamburguesa de ternera, queso y bacon', 1, '[{"added": {}}]', 7, 1, '2022-10-28 06:35:38.701664');
INSERT INTO django_admin_log (id, object_id, object_repr, action_flag, change_message, content_type_id, user_id, action_time) VALUES (89, '52', 'Hamburguesa vegetariana', 1, '[{"added": {}}]', 7, 1, '2022-10-28 06:37:27.811135');
INSERT INTO django_admin_log (id, object_id, object_repr, action_flag, change_message, content_type_id, user_id, action_time) VALUES (90, '53', 'Hamburguesa berezia', 1, '[{"added": {}}]', 7, 1, '2022-10-28 06:37:54.413825');
INSERT INTO django_admin_log (id, object_id, object_repr, action_flag, change_message, content_type_id, user_id, action_time) VALUES (91, '54', 'Hamburguesa iberica', 1, '[{"added": {}}]', 7, 1, '2022-10-28 06:38:51.335805');
INSERT INTO django_admin_log (id, object_id, object_repr, action_flag, change_message, content_type_id, user_id, action_time) VALUES (92, '55', 'Hamburguesa iberica', 1, '[{"added": {}}]', 7, 1, '2022-10-28 06:38:51.490108');
INSERT INTO django_admin_log (id, object_id, object_repr, action_flag, change_message, content_type_id, user_id, action_time) VALUES (93, '54', 'Hamburguesa iberica', 3, '', 7, 1, '2022-10-28 06:38:56.452810');
INSERT INTO django_admin_log (id, object_id, object_repr, action_flag, change_message, content_type_id, user_id, action_time) VALUES (94, '55', 'Hamburguesa iberica', 2, '[]', 7, 1, '2022-10-28 06:39:00.869475');
INSERT INTO django_admin_log (id, object_id, object_repr, action_flag, change_message, content_type_id, user_id, action_time) VALUES (95, '55', 'Hamburguesa iberica', 2, '[]', 7, 1, '2022-10-28 06:39:00.939408');
INSERT INTO django_admin_log (id, object_id, object_repr, action_flag, change_message, content_type_id, user_id, action_time) VALUES (96, '56', 'Hamburguesa con guacamole y jalapeños', 1, '[{"added": {}}]', 7, 1, '2022-10-28 06:40:11.408888');
INSERT INTO django_admin_log (id, object_id, object_repr, action_flag, change_message, content_type_id, user_id, action_time) VALUES (97, '57', 'Hamburguesa de melocoton caramelizado y mozzarela', 1, '[{"added": {}}]', 7, 1, '2022-10-28 06:41:09.742257');
INSERT INTO django_admin_log (id, object_id, object_repr, action_flag, change_message, content_type_id, user_id, action_time) VALUES (98, '58', 'Hamburguesa con queso azul y cebolla caramelizada.', 1, '[{"added": {}}]', 7, 1, '2022-10-28 06:42:13.218658');
INSERT INTO django_admin_log (id, object_id, object_repr, action_flag, change_message, content_type_id, user_id, action_time) VALUES (99, '58', 'Hamburguesa con queso azul y cebolla caramelizada', 2, '[{"changed": {"fields": ["Izena"]}}]', 7, 1, '2022-10-28 06:42:23.381793');
INSERT INTO django_admin_log (id, object_id, object_repr, action_flag, change_message, content_type_id, user_id, action_time) VALUES (100, '59', 'Hamburguesa vegana', 1, '[{"added": {}}]', 7, 1, '2022-10-28 06:43:34.703061');
INSERT INTO django_admin_log (id, object_id, object_repr, action_flag, change_message, content_type_id, user_id, action_time) VALUES (101, '60', 'Hamburguesa de salmon y jenjibre', 1, '[{"added": {}}]', 7, 1, '2022-10-28 06:44:22.357019');
INSERT INTO django_admin_log (id, object_id, object_repr, action_flag, change_message, content_type_id, user_id, action_time) VALUES (102, '61', 'Hamburguesa doble con aros de cebolla', 1, '[{"added": {}}]', 7, 1, '2022-10-28 06:45:20.682467');
INSERT INTO django_admin_log (id, object_id, object_repr, action_flag, change_message, content_type_id, user_id, action_time) VALUES (103, '57', 'Hamburguesa de melocoton caramelizado y mozzarela', 2, '[]', 7, 1, '2022-10-28 06:47:44.479428');
INSERT INTO django_admin_log (id, object_id, object_repr, action_flag, change_message, content_type_id, user_id, action_time) VALUES (104, '2', 'Manolo-1986', 2, '[{"changed": {"fields": ["First name", "Last name"]}}]', 4, 1, '2022-10-28 07:26:48.534531');
INSERT INTO django_admin_log (id, object_id, object_repr, action_flag, change_message, content_type_id, user_id, action_time) VALUES (105, '3', 'Miren-1975', 2, '[{"changed": {"fields": ["First name", "Last name"]}}]', 4, 1, '2022-10-28 07:27:00.748012');
INSERT INTO django_admin_log (id, object_id, object_repr, action_flag, change_message, content_type_id, user_id, action_time) VALUES (106, '2', 'Manolo1986', 2, '[{"changed": {"fields": ["Username"]}}]', 4, 1, '2022-10-28 07:27:17.035154');
INSERT INTO django_admin_log (id, object_id, object_repr, action_flag, change_message, content_type_id, user_id, action_time) VALUES (107, '2', 'Manolo1986', 2, '[]', 4, 1, '2022-10-28 07:27:17.270855');
INSERT INTO django_admin_log (id, object_id, object_repr, action_flag, change_message, content_type_id, user_id, action_time) VALUES (108, '3', 'Miren1975', 2, '[{"changed": {"fields": ["Username"]}}]', 4, 1, '2022-10-28 07:27:24.814002');
INSERT INTO django_admin_log (id, object_id, object_repr, action_flag, change_message, content_type_id, user_id, action_time) VALUES (109, '5', 'Markel2001', 2, '[{"changed": {"fields": ["First name", "Last name"]}}]', 4, 1, '2022-10-28 07:30:03.647021');
INSERT INTO django_admin_log (id, object_id, object_repr, action_flag, change_message, content_type_id, user_id, action_time) VALUES (110, '7', 'Maitane2002', 2, '[{"changed": {"fields": ["First name", "Last name"]}}]', 4, 1, '2022-10-28 07:30:22.813664');
INSERT INTO django_admin_log (id, object_id, object_repr, action_flag, change_message, content_type_id, user_id, action_time) VALUES (111, '6', 'Hegoi2000', 2, '[{"changed": {"fields": ["First name", "Last name"]}}]', 4, 1, '2022-10-28 07:30:38.699366');
INSERT INTO django_admin_log (id, object_id, object_repr, action_flag, change_message, content_type_id, user_id, action_time) VALUES (112, '53989876C', '53989876C', 1, '[{"added": {}}]', 8, 1, '2022-10-28 07:36:30.359431');
INSERT INTO django_admin_log (id, object_id, object_repr, action_flag, change_message, content_type_id, user_id, action_time) VALUES (113, '34563563', '34563563', 1, '[{"added": {}}]', 8, 1, '2022-10-28 07:46:39.475811');
INSERT INTO django_admin_log (id, object_id, object_repr, action_flag, change_message, content_type_id, user_id, action_time) VALUES (114, '34563563', '34563563', 3, '', 8, 1, '2022-10-28 07:46:45.485042');
INSERT INTO django_admin_log (id, object_id, object_repr, action_flag, change_message, content_type_id, user_id, action_time) VALUES (115, '53989876C', '53989876C', 3, '', 8, 1, '2022-10-28 07:46:47.953400');
INSERT INTO django_admin_log (id, object_id, object_repr, action_flag, change_message, content_type_id, user_id, action_time) VALUES (116, '53983274C', '53983274C', 1, '[{"added": {}}]', 8, 1, '2022-10-28 07:47:11.222331');
INSERT INTO django_admin_log (id, object_id, object_repr, action_flag, change_message, content_type_id, user_id, action_time) VALUES (117, '89452502R', '89452502R', 1, '[{"added": {}}]', 8, 1, '2022-10-28 07:47:57.033871');
INSERT INTO django_admin_log (id, object_id, object_repr, action_flag, change_message, content_type_id, user_id, action_time) VALUES (118, '78984582F', '78984582F', 1, '[{"added": {}}]', 8, 1, '2022-10-28 07:49:01.005761');
INSERT INTO django_admin_log (id, object_id, object_repr, action_flag, change_message, content_type_id, user_id, action_time) VALUES (119, '20223157J', '20223157J', 1, '[{"added": {}}]', 8, 1, '2022-10-28 07:49:29.498543');
INSERT INTO django_admin_log (id, object_id, object_repr, action_flag, change_message, content_type_id, user_id, action_time) VALUES (120, '58941258A', '58941258A', 1, '[{"added": {}}]', 8, 1, '2022-10-28 07:49:52.512144');
INSERT INTO django_admin_log (id, object_id, object_repr, action_flag, change_message, content_type_id, user_id, action_time) VALUES (121, '78945620O', '78945620O', 1, '[{"added": {}}]', 8, 1, '2022-10-28 07:55:17.357445');
INSERT INTO django_admin_log (id, object_id, object_repr, action_flag, change_message, content_type_id, user_id, action_time) VALUES (122, '14525878F', '14525878F', 1, '[{"added": {}}]', 8, 1, '2022-10-28 07:55:40.489235');
INSERT INTO django_admin_log (id, object_id, object_repr, action_flag, change_message, content_type_id, user_id, action_time) VALUES (123, '888', '888', 1, '[{"added": {}}]', 10, 1, '2022-10-28 10:11:32.714349');
INSERT INTO django_admin_log (id, object_id, object_repr, action_flag, change_message, content_type_id, user_id, action_time) VALUES (124, '1', 'Taco al pastor', 2, '[{"changed": {"fields": ["Submota"]}}]', 7, 1, '2022-10-31 09:58:08.532893');
INSERT INTO django_admin_log (id, object_id, object_repr, action_flag, change_message, content_type_id, user_id, action_time) VALUES (125, '2', 'Taco de canasta', 2, '[{"changed": {"fields": ["Submota"]}}]', 7, 1, '2022-10-31 09:58:26.589901');
INSERT INTO django_admin_log (id, object_id, object_repr, action_flag, change_message, content_type_id, user_id, action_time) VALUES (126, '3', 'Tacos dorados', 2, '[{"changed": {"fields": ["Submota"]}}]', 7, 1, '2022-10-31 09:58:36.924384');
INSERT INTO django_admin_log (id, object_id, object_repr, action_flag, change_message, content_type_id, user_id, action_time) VALUES (127, '4', 'Tacos de barbacoa', 2, '[{"changed": {"fields": ["Submota"]}}]', 7, 1, '2022-10-31 09:58:42.263417');
INSERT INTO django_admin_log (id, object_id, object_repr, action_flag, change_message, content_type_id, user_id, action_time) VALUES (128, '5', 'Tacos de carnitas', 2, '[{"changed": {"fields": ["Submota"]}}]', 7, 1, '2022-10-31 09:58:52.083895');
INSERT INTO django_admin_log (id, object_id, object_repr, action_flag, change_message, content_type_id, user_id, action_time) VALUES (129, '6', 'Tacos de guisado', 2, '[{"changed": {"fields": ["Submota"]}}]', 7, 1, '2022-10-31 09:59:00.042411');
INSERT INTO django_admin_log (id, object_id, object_repr, action_flag, change_message, content_type_id, user_id, action_time) VALUES (130, '6', 'Tacos de guisado', 2, '[]', 7, 1, '2022-10-31 09:59:09.193958');
INSERT INTO django_admin_log (id, object_id, object_repr, action_flag, change_message, content_type_id, user_id, action_time) VALUES (131, '8', 'Tacos de carne asada', 2, '[{"changed": {"fields": ["Submota"]}}]', 7, 1, '2022-10-31 09:59:22.024954');
INSERT INTO django_admin_log (id, object_id, object_repr, action_flag, change_message, content_type_id, user_id, action_time) VALUES (132, '9', 'Tacos de suadero', 2, '[{"changed": {"fields": ["Submota"]}}]', 7, 1, '2022-10-31 09:59:31.569945');
INSERT INTO django_admin_log (id, object_id, object_repr, action_flag, change_message, content_type_id, user_id, action_time) VALUES (133, '11', 'Enchiladas de mole', 2, '[{"changed": {"fields": ["Submota"]}}]', 7, 1, '2022-10-31 10:12:36.753936');
INSERT INTO django_admin_log (id, object_id, object_repr, action_flag, change_message, content_type_id, user_id, action_time) VALUES (134, '12', 'Enchiladas rojas', 2, '[{"changed": {"fields": ["Submota"]}}]', 7, 1, '2022-10-31 10:12:42.491840');
INSERT INTO django_admin_log (id, object_id, object_repr, action_flag, change_message, content_type_id, user_id, action_time) VALUES (135, '14', 'Enchiladas verdes', 2, '[{"changed": {"fields": ["Submota"]}}]', 7, 1, '2022-10-31 10:12:48.621832');
INSERT INTO django_admin_log (id, object_id, object_repr, action_flag, change_message, content_type_id, user_id, action_time) VALUES (136, '15', 'Enchiladas suizas', 2, '[{"changed": {"fields": ["Submota"]}}]', 7, 1, '2022-10-31 10:13:02.627929');
INSERT INTO django_admin_log (id, object_id, object_repr, action_flag, change_message, content_type_id, user_id, action_time) VALUES (137, '16', 'Enchiladas mineras', 2, '[{"changed": {"fields": ["Submota"]}}]', 7, 1, '2022-10-31 10:13:08.089716');
INSERT INTO django_admin_log (id, object_id, object_repr, action_flag, change_message, content_type_id, user_id, action_time) VALUES (138, '17', 'Enchiladas de potosinas', 2, '[{"changed": {"fields": ["Submota"]}}]', 7, 1, '2022-10-31 10:13:14.663966');
INSERT INTO django_admin_log (id, object_id, object_repr, action_flag, change_message, content_type_id, user_id, action_time) VALUES (139, '18', 'Nachos con maiz', 2, '[{"changed": {"fields": ["Submota"]}}]', 7, 1, '2022-10-31 10:14:35.068015');
INSERT INTO django_admin_log (id, object_id, object_repr, action_flag, change_message, content_type_id, user_id, action_time) VALUES (140, '19', 'Nachos 3 salsas', 2, '[{"changed": {"fields": ["Submota"]}}]', 7, 1, '2022-10-31 10:14:41.414957');
INSERT INTO django_admin_log (id, object_id, object_repr, action_flag, change_message, content_type_id, user_id, action_time) VALUES (141, '20', 'Nachos costillar', 2, '[{"changed": {"fields": ["Submota"]}}]', 7, 1, '2022-10-31 10:14:48.988945');
INSERT INTO django_admin_log (id, object_id, object_repr, action_flag, change_message, content_type_id, user_id, action_time) VALUES (142, '21', 'Nachos remix', 2, '[{"changed": {"fields": ["Submota"]}}]', 7, 1, '2022-10-31 10:14:57.595920');
INSERT INTO django_admin_log (id, object_id, object_repr, action_flag, change_message, content_type_id, user_id, action_time) VALUES (143, '29', 'Chilaquiles verdes', 2, '[{"changed": {"fields": ["Submota"]}}]', 7, 1, '2022-10-31 10:18:08.661897');
INSERT INTO django_admin_log (id, object_id, object_repr, action_flag, change_message, content_type_id, user_id, action_time) VALUES (144, '31', 'Chilaquiles rojos', 2, '[{"changed": {"fields": ["Submota"]}}]', 7, 1, '2022-10-31 10:18:15.176972');
INSERT INTO django_admin_log (id, object_id, object_repr, action_flag, change_message, content_type_id, user_id, action_time) VALUES (145, '32', 'Chilaquiles con camarones', 2, '[{"changed": {"fields": ["Submota"]}}]', 7, 1, '2022-10-31 10:18:22.750943');
INSERT INTO django_admin_log (id, object_id, object_repr, action_flag, change_message, content_type_id, user_id, action_time) VALUES (146, '33', 'Chilaquiles de flor de jamaica', 2, '[{"changed": {"fields": ["Submota"]}}]', 7, 1, '2022-10-31 10:18:33.728956');
INSERT INTO django_admin_log (id, object_id, object_repr, action_flag, change_message, content_type_id, user_id, action_time) VALUES (147, '34', 'Chiles veganos', 2, '[{"changed": {"fields": ["Submota"]}}]', 7, 1, '2022-10-31 10:18:39.390772');
INSERT INTO django_admin_log (id, object_id, object_repr, action_flag, change_message, content_type_id, user_id, action_time) VALUES (148, '22', 'Tamales con salsa verde', 2, '[{"changed": {"fields": ["Submota"]}}]', 7, 1, '2022-10-31 10:21:34.124962');
INSERT INTO django_admin_log (id, object_id, object_repr, action_flag, change_message, content_type_id, user_id, action_time) VALUES (149, '23', 'Tamales con salsa roja', 2, '[{"changed": {"fields": ["Submota"]}}]', 7, 1, '2022-10-31 10:22:58.198770');
INSERT INTO django_admin_log (id, object_id, object_repr, action_flag, change_message, content_type_id, user_id, action_time) VALUES (150, '24', 'Tamales de oaxaqueños', 2, '[{"changed": {"fields": ["Submota"]}}]', 7, 1, '2022-10-31 10:23:05.039949');
INSERT INTO django_admin_log (id, object_id, object_repr, action_flag, change_message, content_type_id, user_id, action_time) VALUES (151, '25', 'Tamales de chaya', 2, '[{"changed": {"fields": ["Submota"]}}]', 7, 1, '2022-10-31 10:23:09.591866');
INSERT INTO django_admin_log (id, object_id, object_repr, action_flag, change_message, content_type_id, user_id, action_time) VALUES (152, '26', 'Tamales dulces', 2, '[{"changed": {"fields": ["Submota"]}}]', 7, 1, '2022-10-31 10:23:14.344858');
INSERT INTO django_admin_log (id, object_id, object_repr, action_flag, change_message, content_type_id, user_id, action_time) VALUES (153, '27', 'Tamales canarios', 2, '[{"changed": {"fields": ["Submota"]}}]', 7, 1, '2022-10-31 10:23:19.402946');
INSERT INTO django_admin_log (id, object_id, object_repr, action_flag, change_message, content_type_id, user_id, action_time) VALUES (154, '28', 'Tamales de pollo', 2, '[{"changed": {"fields": ["Submota"]}}]', 7, 1, '2022-10-31 10:23:24.122908');
INSERT INTO django_admin_log (id, object_id, object_repr, action_flag, change_message, content_type_id, user_id, action_time) VALUES (155, '21', 'Nachos remix', 2, '[]', 7, 1, '2022-10-31 10:52:42.017939');
INSERT INTO django_admin_log (id, object_id, object_repr, action_flag, change_message, content_type_id, user_id, action_time) VALUES (156, '61', 'Hamburguesa doble con aros de cebolla', 2, '[{"changed": {"fields": ["Submota"]}}]', 7, 1, '2022-11-01 10:19:34.278717');
INSERT INTO django_admin_log (id, object_id, object_repr, action_flag, change_message, content_type_id, user_id, action_time) VALUES (157, '60', 'Hamburguesa de salmon y jenjibre', 2, '[{"changed": {"fields": ["Submota"]}}]', 7, 1, '2022-11-01 10:20:53.328366');
INSERT INTO django_admin_log (id, object_id, object_repr, action_flag, change_message, content_type_id, user_id, action_time) VALUES (158, '59', 'Hamburguesa vegana', 2, '[{"changed": {"fields": ["Submota"]}}]', 7, 1, '2022-11-01 10:21:35.210501');
INSERT INTO django_admin_log (id, object_id, object_repr, action_flag, change_message, content_type_id, user_id, action_time) VALUES (159, '58', 'Hamburguesa con queso azul y cebolla caramelizada', 2, '[{"changed": {"fields": ["Submota"]}}]', 7, 1, '2022-11-01 10:22:00.522689');
INSERT INTO django_admin_log (id, object_id, object_repr, action_flag, change_message, content_type_id, user_id, action_time) VALUES (160, '57', 'Hamburguesa de melocoton caramelizado y mozzarela', 2, '[{"changed": {"fields": ["Submota"]}}]', 7, 1, '2022-11-01 10:22:16.149760');
INSERT INTO django_admin_log (id, object_id, object_repr, action_flag, change_message, content_type_id, user_id, action_time) VALUES (161, '56', 'Hamburguesa vegetariana con guacamole y jalapeños', 2, '[{"changed": {"fields": ["Izena", "Osagaiak", "Submota"]}}]', 7, 1, '2022-11-01 10:23:15.264772');
INSERT INTO django_admin_log (id, object_id, object_repr, action_flag, change_message, content_type_id, user_id, action_time) VALUES (162, '55', 'Hamburguesa iberica', 2, '[{"changed": {"fields": ["Submota"]}}]', 7, 1, '2022-11-01 10:24:10.664727');
INSERT INTO django_admin_log (id, object_id, object_repr, action_flag, change_message, content_type_id, user_id, action_time) VALUES (163, '53', 'Hamburguesa berezia', 2, '[{"changed": {"fields": ["Submota"]}}]', 7, 1, '2022-11-01 10:24:38.557576');
INSERT INTO django_admin_log (id, object_id, object_repr, action_flag, change_message, content_type_id, user_id, action_time) VALUES (164, '52', 'Hamburguesa vegetariana', 2, '[{"changed": {"fields": ["Submota"]}}]', 7, 1, '2022-11-01 10:25:25.213698');
INSERT INTO django_admin_log (id, object_id, object_repr, action_flag, change_message, content_type_id, user_id, action_time) VALUES (165, '51', 'Hamburguesa de ternera, queso y bacon', 2, '[{"changed": {"fields": ["Submota"]}}]', 7, 1, '2022-11-01 10:26:13.203118');
INSERT INTO django_admin_log (id, object_id, object_repr, action_flag, change_message, content_type_id, user_id, action_time) VALUES (166, '50', 'Hamburguesa de queso', 2, '[{"changed": {"fields": ["Submota"]}}]', 7, 1, '2022-11-01 10:26:32.025648');
INSERT INTO django_admin_log (id, object_id, object_repr, action_flag, change_message, content_type_id, user_id, action_time) VALUES (167, '49', 'Hamburguesa de vacuno con jamon, queso y cebolla', 2, '[{"changed": {"fields": ["Submota"]}}]', 7, 1, '2022-11-01 10:26:55.565793');
INSERT INTO django_admin_log (id, object_id, object_repr, action_flag, change_message, content_type_id, user_id, action_time) VALUES (168, '55', 'Hamburguesa iberica', 2, '[{"changed": {"fields": ["Submota"]}}]', 7, 1, '2022-11-01 10:30:16.985699');
INSERT INTO django_admin_log (id, object_id, object_repr, action_flag, change_message, content_type_id, user_id, action_time) VALUES (169, '57', 'Hamburguesa de melocoton caramelizado y mozzarela', 2, '[{"changed": {"fields": ["Submota"]}}]', 7, 1, '2022-11-01 10:30:28.838765');
INSERT INTO django_admin_log (id, object_id, object_repr, action_flag, change_message, content_type_id, user_id, action_time) VALUES (170, '58', 'Hamburguesa con queso azul y cebolla caramelizada', 2, '[{"changed": {"fields": ["Submota"]}}]', 7, 1, '2022-11-01 10:30:35.862755');
INSERT INTO django_admin_log (id, object_id, object_repr, action_flag, change_message, content_type_id, user_id, action_time) VALUES (171, '60', 'Hamburguesa de salmon y jenjibre', 2, '[{"changed": {"fields": ["Submota"]}}]', 7, 1, '2022-11-01 10:30:42.739741');
INSERT INTO django_admin_log (id, object_id, object_repr, action_flag, change_message, content_type_id, user_id, action_time) VALUES (172, '38', 'Bocadillo jamon cocido con membrillo, pera y queso', 2, '[{"changed": {"fields": ["Izena", "Submota"]}}]', 7, 1, '2022-11-01 10:35:29.723472');
INSERT INTO django_admin_log (id, object_id, object_repr, action_flag, change_message, content_type_id, user_id, action_time) VALUES (173, '48', 'Bocadillo de pechuga, queso y pimientos', 2, '[{"changed": {"fields": ["Submota"]}}]', 7, 1, '2022-11-01 10:52:31.226792');
INSERT INTO django_admin_log (id, object_id, object_repr, action_flag, change_message, content_type_id, user_id, action_time) VALUES (174, '47', 'Bocadillo de tortilla con alioli', 2, '[{"changed": {"fields": ["Submota"]}}]', 7, 1, '2022-11-01 10:53:12.551002');
INSERT INTO django_admin_log (id, object_id, object_repr, action_flag, change_message, content_type_id, user_id, action_time) VALUES (175, '46', 'Bocadillo lomo, queso y pimientos', 2, '[{"changed": {"fields": ["Submota"]}}]', 7, 1, '2022-11-01 10:53:22.944782');
INSERT INTO django_admin_log (id, object_id, object_repr, action_flag, change_message, content_type_id, user_id, action_time) VALUES (176, '45', 'Bocadillo bacon, queso y pimientos', 2, '[{"changed": {"fields": ["Submota"]}}]', 7, 1, '2022-11-01 10:53:33.707801');
INSERT INTO django_admin_log (id, object_id, object_repr, action_flag, change_message, content_type_id, user_id, action_time) VALUES (177, '44', 'Bocadillo de secreto con queso y cebolla', 2, '[{"changed": {"fields": ["Submota"]}}]', 7, 1, '2022-11-01 10:54:02.523717');
INSERT INTO django_admin_log (id, object_id, object_repr, action_flag, change_message, content_type_id, user_id, action_time) VALUES (178, '43', 'Bocadillo de pollo con aguacate, queso y canonigos', 2, '[{"changed": {"fields": ["Submota"]}}]', 7, 1, '2022-11-01 10:54:13.171544');
INSERT INTO django_admin_log (id, object_id, object_repr, action_flag, change_message, content_type_id, user_id, action_time) VALUES (179, '42', 'Bocadillo de pollo con chimichurri', 2, '[{"changed": {"fields": ["Submota"]}}]', 7, 1, '2022-11-01 10:54:30.571782');
INSERT INTO django_admin_log (id, object_id, object_repr, action_flag, change_message, content_type_id, user_id, action_time) VALUES (180, '41', 'Bocadillo serranito', 2, '[{"changed": {"fields": ["Submota"]}}]', 7, 1, '2022-11-01 10:54:45.805762');
INSERT INTO django_admin_log (id, object_id, object_repr, action_flag, change_message, content_type_id, user_id, action_time) VALUES (181, '40', 'Bocadillo de tomatitos marinados con anchoas', 2, '[{"changed": {"fields": ["Submota"]}}]', 7, 1, '2022-11-01 10:55:00.654788');
INSERT INTO django_admin_log (id, object_id, object_repr, action_flag, change_message, content_type_id, user_id, action_time) VALUES (182, '39', 'Bocadillo de pulled pork con aguacate', 2, '[{"changed": {"fields": ["Submota"]}}]', 7, 1, '2022-11-01 10:55:13.024746');
INSERT INTO django_admin_log (id, object_id, object_repr, action_flag, change_message, content_type_id, user_id, action_time) VALUES (183, '38', 'Bocadillo jamon cocido con membrillo, pera y queso', 2, '[{"changed": {"fields": ["Submota"]}}]', 7, 1, '2022-11-01 10:55:23.010773');
INSERT INTO django_admin_log (id, object_id, object_repr, action_flag, change_message, content_type_id, user_id, action_time) VALUES (184, '37', 'Bocadillo de tinga de pollo al chile chipotle', 2, '[{"changed": {"fields": ["Submota"]}}]', 7, 1, '2022-11-01 10:55:35.402668');
INSERT INTO django_admin_log (id, object_id, object_repr, action_flag, change_message, content_type_id, user_id, action_time) VALUES (185, '36', 'Bocadillo de ternera con salteado', 2, '[{"changed": {"fields": ["Submota"]}}]', 7, 1, '2022-11-01 10:55:47.941806');
INSERT INTO django_admin_log (id, object_id, object_repr, action_flag, change_message, content_type_id, user_id, action_time) VALUES (186, '35', 'Bocadillo de calamares', 2, '[{"changed": {"fields": ["Submota"]}}]', 7, 1, '2022-11-01 10:55:57.836696');
INSERT INTO django_admin_log (id, object_id, object_repr, action_flag, change_message, content_type_id, user_id, action_time) VALUES (187, '888', '888', 3, '', 10, 1, '2022-11-02 07:19:49.031667');
INSERT INTO django_admin_log (id, object_id, object_repr, action_flag, change_message, content_type_id, user_id, action_time) VALUES (188, '5184377043028702', '5184377043028702', 1, '[{"added": {}}]', 10, 1, '2022-11-02 07:23:19.636526');
INSERT INTO django_admin_log (id, object_id, object_repr, action_flag, change_message, content_type_id, user_id, action_time) VALUES (189, '2323', '2323', 1, '[{"added": {}}]', 10, 1, '2022-11-02 07:26:39.063792');
INSERT INTO django_admin_log (id, object_id, object_repr, action_flag, change_message, content_type_id, user_id, action_time) VALUES (190, '543534', '543534', 1, '[{"added": {}}]', 10, 1, '2022-11-02 07:29:15.804134');
INSERT INTO django_admin_log (id, object_id, object_repr, action_flag, change_message, content_type_id, user_id, action_time) VALUES (191, '3333', '3333', 1, '[{"added": {}}]', 10, 1, '2022-11-02 07:30:49.061547');
INSERT INTO django_admin_log (id, object_id, object_repr, action_flag, change_message, content_type_id, user_id, action_time) VALUES (192, '666', '666', 1, '[{"added": {}}]', 10, 1, '2022-11-02 07:31:45.145195');
INSERT INTO django_admin_log (id, object_id, object_repr, action_flag, change_message, content_type_id, user_id, action_time) VALUES (193, '5455555555555', '5455555555555', 1, '[{"added": {}}]', 10, 1, '2022-11-02 07:33:58.291173');
INSERT INTO django_admin_log (id, object_id, object_repr, action_flag, change_message, content_type_id, user_id, action_time) VALUES (194, '111111111111111', '111111111111111', 1, '[{"added": {}}]', 10, 1, '2022-11-02 07:36:07.413718');
INSERT INTO django_admin_log (id, object_id, object_repr, action_flag, change_message, content_type_id, user_id, action_time) VALUES (195, '2222', '2222', 1, '[{"added": {}}]', 10, 1, '2022-11-02 07:40:19.064443');
INSERT INTO django_admin_log (id, object_id, object_repr, action_flag, change_message, content_type_id, user_id, action_time) VALUES (196, '1', '1', 1, '[{"added": {}}]', 10, 1, '2022-11-02 07:45:45.735006');
INSERT INTO django_admin_log (id, object_id, object_repr, action_flag, change_message, content_type_id, user_id, action_time) VALUES (197, '2', '2', 1, '[{"added": {}}]', 10, 1, '2022-11-02 07:46:54.551654');
INSERT INTO django_admin_log (id, object_id, object_repr, action_flag, change_message, content_type_id, user_id, action_time) VALUES (198, '6', '6', 1, '[{"added": {}}]', 10, 1, '2022-11-02 07:55:25.663052');
INSERT INTO django_admin_log (id, object_id, object_repr, action_flag, change_message, content_type_id, user_id, action_time) VALUES (199, '66', '66', 1, '[{"added": {}}]', 10, 1, '2022-11-02 07:55:30.779040');
INSERT INTO django_admin_log (id, object_id, object_repr, action_flag, change_message, content_type_id, user_id, action_time) VALUES (200, '4444444', '4444444', 1, '[{"added": {}}]', 10, 1, '2022-11-02 07:56:39.112949');
INSERT INTO django_admin_log (id, object_id, object_repr, action_flag, change_message, content_type_id, user_id, action_time) VALUES (201, '222', '222', 1, '[{"added": {}}]', 10, 1, '2022-11-02 07:57:12.300355');
INSERT INTO django_admin_log (id, object_id, object_repr, action_flag, change_message, content_type_id, user_id, action_time) VALUES (202, '34', 'Chiles veganos', 2, '[{"changed": {"fields": ["Submota"]}}]', 7, 1, '2022-11-02 08:10:13.631228');
INSERT INTO django_admin_log (id, object_id, object_repr, action_flag, change_message, content_type_id, user_id, action_time) VALUES (203, '34', 'Chilaquiles veganos', 2, '[{"changed": {"fields": ["Izena", "Submota"]}}]', 7, 1, '2022-11-02 08:14:25.543342');
INSERT INTO django_admin_log (id, object_id, object_repr, action_flag, change_message, content_type_id, user_id, action_time) VALUES (204, '62', 'Kas naranja', 1, '[{"added": {}}]', 7, 1, '2022-11-02 08:37:49.779042');
INSERT INTO django_admin_log (id, object_id, object_repr, action_flag, change_message, content_type_id, user_id, action_time) VALUES (205, '63', 'Kas limon', 1, '[{"added": {}}]', 7, 1, '2022-11-02 08:38:08.904172');
INSERT INTO django_admin_log (id, object_id, object_repr, action_flag, change_message, content_type_id, user_id, action_time) VALUES (206, '64', 'Coca-Cola Zero', 1, '[{"added": {}}]', 7, 1, '2022-11-02 08:39:51.676888');
INSERT INTO django_admin_log (id, object_id, object_repr, action_flag, change_message, content_type_id, user_id, action_time) VALUES (207, '65', 'Coca-Cola Zero Zero', 1, '[{"added": {}}]', 7, 1, '2022-11-02 08:40:21.756683');
INSERT INTO django_admin_log (id, object_id, object_repr, action_flag, change_message, content_type_id, user_id, action_time) VALUES (208, '66', 'Coca-Cola Light', 1, '[{"added": {}}]', 7, 1, '2022-11-02 08:41:17.773442');
INSERT INTO django_admin_log (id, object_id, object_repr, action_flag, change_message, content_type_id, user_id, action_time) VALUES (209, '67', 'Coca-Cola', 1, '[{"added": {}}]', 7, 1, '2022-11-02 08:41:52.706940');
INSERT INTO django_admin_log (id, object_id, object_repr, action_flag, change_message, content_type_id, user_id, action_time) VALUES (210, '68', 'Pepsi', 1, '[{"added": {}}]', 7, 1, '2022-11-02 08:42:43.429516');
INSERT INTO django_admin_log (id, object_id, object_repr, action_flag, change_message, content_type_id, user_id, action_time) VALUES (211, '69', 'Pepsi Light', 1, '[{"added": {}}]', 7, 1, '2022-11-02 08:43:42.362127');
INSERT INTO django_admin_log (id, object_id, object_repr, action_flag, change_message, content_type_id, user_id, action_time) VALUES (212, '70', 'Pepsi Light', 1, '[{"added": {}}]', 7, 1, '2022-11-02 08:43:42.565197');
INSERT INTO django_admin_log (id, object_id, object_repr, action_flag, change_message, content_type_id, user_id, action_time) VALUES (213, '70', 'Pepsi Light', 3, '', 7, 1, '2022-11-02 08:43:58.824710');
INSERT INTO django_admin_log (id, object_id, object_repr, action_flag, change_message, content_type_id, user_id, action_time) VALUES (214, '71', 'Aquarius naranja', 1, '[{"added": {}}]', 7, 1, '2022-11-02 08:45:34.082172');
INSERT INTO django_admin_log (id, object_id, object_repr, action_flag, change_message, content_type_id, user_id, action_time) VALUES (215, '72', 'Aquarius limon', 1, '[{"added": {}}]', 7, 1, '2022-11-02 08:46:05.588293');
INSERT INTO django_admin_log (id, object_id, object_repr, action_flag, change_message, content_type_id, user_id, action_time) VALUES (216, '73', 'Aquarius naranja light', 1, '[{"added": {}}]', 7, 1, '2022-11-02 08:46:40.178223');
INSERT INTO django_admin_log (id, object_id, object_repr, action_flag, change_message, content_type_id, user_id, action_time) VALUES (217, '74', 'Aquarius naranja light', 1, '[{"added": {}}]', 7, 1, '2022-11-02 08:46:40.423466');
INSERT INTO django_admin_log (id, object_id, object_repr, action_flag, change_message, content_type_id, user_id, action_time) VALUES (218, '74', 'Aquarius naranja light', 3, '', 7, 1, '2022-11-02 08:46:44.206779');
INSERT INTO django_admin_log (id, object_id, object_repr, action_flag, change_message, content_type_id, user_id, action_time) VALUES (219, '75', 'Aquarius limon light', 1, '[{"added": {}}]', 7, 1, '2022-11-02 08:47:18.695724');
INSERT INTO django_admin_log (id, object_id, object_repr, action_flag, change_message, content_type_id, user_id, action_time) VALUES (220, '76', 'Nestea limon', 1, '[{"added": {}}]', 7, 1, '2022-11-02 08:48:02.542651');
INSERT INTO django_admin_log (id, object_id, object_repr, action_flag, change_message, content_type_id, user_id, action_time) VALUES (221, '77', 'Nestea limon', 1, '[{"added": {}}]', 7, 1, '2022-11-02 08:48:02.739318');
INSERT INTO django_admin_log (id, object_id, object_repr, action_flag, change_message, content_type_id, user_id, action_time) VALUES (222, '76', 'Nestea limon', 3, '', 7, 1, '2022-11-02 08:48:06.853974');
INSERT INTO django_admin_log (id, object_id, object_repr, action_flag, change_message, content_type_id, user_id, action_time) VALUES (223, '78', 'Nestea naranja', 1, '[{"added": {}}]', 7, 1, '2022-11-02 08:48:23.164453');
INSERT INTO django_admin_log (id, object_id, object_repr, action_flag, change_message, content_type_id, user_id, action_time) VALUES (224, '79', 'Nestea naranja', 1, '[{"added": {}}]', 7, 1, '2022-11-02 08:48:23.330746');
INSERT INTO django_admin_log (id, object_id, object_repr, action_flag, change_message, content_type_id, user_id, action_time) VALUES (225, '79', 'Nestea naranja', 3, '', 7, 1, '2022-11-02 08:48:28.995248');
INSERT INTO django_admin_log (id, object_id, object_repr, action_flag, change_message, content_type_id, user_id, action_time) VALUES (226, '80', 'Fanta naranja', 1, '[{"added": {}}]', 7, 1, '2022-11-02 08:49:28.151443');
INSERT INTO django_admin_log (id, object_id, object_repr, action_flag, change_message, content_type_id, user_id, action_time) VALUES (227, '81', 'Fanta limon', 1, '[{"added": {}}]', 7, 1, '2022-11-02 08:49:43.330382');
INSERT INTO django_admin_log (id, object_id, object_repr, action_flag, change_message, content_type_id, user_id, action_time) VALUES (228, '82', 'Sprite', 1, '[{"added": {}}]', 7, 1, '2022-11-02 08:50:05.127518');
INSERT INTO django_admin_log (id, object_id, object_repr, action_flag, change_message, content_type_id, user_id, action_time) VALUES (229, '81', 'Fanta limon', 2, '[{"changed": {"fields": ["Osagaiak"]}}]', 7, 1, '2022-11-02 09:09:53.386222');
INSERT INTO django_admin_log (id, object_id, object_repr, action_flag, change_message, content_type_id, user_id, action_time) VALUES (230, '80', 'Fanta naranja', 2, '[{"changed": {"fields": ["Osagaiak"]}}]', 7, 1, '2022-11-02 09:09:59.521939');
INSERT INTO django_admin_log (id, object_id, object_repr, action_flag, change_message, content_type_id, user_id, action_time) VALUES (231, '82', 'Sprite', 2, '[{"changed": {"fields": ["Osagaiak"]}}]', 7, 1, '2022-11-02 09:10:20.225625');
INSERT INTO django_admin_log (id, object_id, object_repr, action_flag, change_message, content_type_id, user_id, action_time) VALUES (232, '78', 'Nestea naranja', 2, '[]', 7, 1, '2022-11-02 09:10:29.111619');
INSERT INTO django_admin_log (id, object_id, object_repr, action_flag, change_message, content_type_id, user_id, action_time) VALUES (233, '81', 'Fanta limon', 2, '[{"changed": {"fields": ["Osagaiak"]}}]', 7, 1, '2022-11-02 09:10:32.601698');
INSERT INTO django_admin_log (id, object_id, object_repr, action_flag, change_message, content_type_id, user_id, action_time) VALUES (234, '80', 'Fanta naranja', 2, '[{"changed": {"fields": ["Osagaiak"]}}]', 7, 1, '2022-11-02 09:10:36.376108');
INSERT INTO django_admin_log (id, object_id, object_repr, action_flag, change_message, content_type_id, user_id, action_time) VALUES (235, '78', 'Nestea naranja', 2, '[]', 7, 1, '2022-11-02 09:10:40.035255');
INSERT INTO django_admin_log (id, object_id, object_repr, action_flag, change_message, content_type_id, user_id, action_time) VALUES (236, '82', 'Sprite', 2, '[{"changed": {"fields": ["Osagaiak"]}}]', 7, 1, '2022-11-02 09:10:44.009205');
INSERT INTO django_admin_log (id, object_id, object_repr, action_flag, change_message, content_type_id, user_id, action_time) VALUES (237, '81', 'Fanta limon', 2, '[]', 7, 1, '2022-11-02 09:10:46.903584');
INSERT INTO django_admin_log (id, object_id, object_repr, action_flag, change_message, content_type_id, user_id, action_time) VALUES (238, '80', 'Fanta naranja', 2, '[]', 7, 1, '2022-11-02 09:10:49.326540');
INSERT INTO django_admin_log (id, object_id, object_repr, action_flag, change_message, content_type_id, user_id, action_time) VALUES (239, '78', 'Nestea naranja', 2, '[]', 7, 1, '2022-11-02 09:10:53.128007');
INSERT INTO django_admin_log (id, object_id, object_repr, action_flag, change_message, content_type_id, user_id, action_time) VALUES (240, '83', 'Ur txikia 200ml', 1, '[{"added": {}}]', 7, 1, '2022-11-02 09:12:11.501972');
INSERT INTO django_admin_log (id, object_id, object_repr, action_flag, change_message, content_type_id, user_id, action_time) VALUES (241, '84', 'Ur ertaina 500ml', 1, '[{"added": {}}]', 7, 1, '2022-11-02 09:12:30.234843');
INSERT INTO django_admin_log (id, object_id, object_repr, action_flag, change_message, content_type_id, user_id, action_time) VALUES (242, '85', 'Ur handia 1L', 1, '[{"added": {}}]', 7, 1, '2022-11-02 09:15:26.164961');
INSERT INTO django_admin_log (id, object_id, object_repr, action_flag, change_message, content_type_id, user_id, action_time) VALUES (243, '86', 'Tonica schweppes', 1, '[{"added": {}}]', 7, 1, '2022-11-02 09:21:42.778632');
INSERT INTO django_admin_log (id, object_id, object_repr, action_flag, change_message, content_type_id, user_id, action_time) VALUES (244, '87', 'Strong Blond', 1, '[{"added": {}}]', 7, 1, '2022-11-02 09:22:54.535374');
INSERT INTO django_admin_log (id, object_id, object_repr, action_flag, change_message, content_type_id, user_id, action_time) VALUES (245, '88', 'Amstel classic', 1, '[{"added": {}}]', 7, 1, '2022-11-02 09:23:28.603409');
INSERT INTO django_admin_log (id, object_id, object_repr, action_flag, change_message, content_type_id, user_id, action_time) VALUES (246, '87', 'Strong Blond', 3, '', 7, 1, '2022-11-02 09:23:32.600516');
INSERT INTO django_admin_log (id, object_id, object_repr, action_flag, change_message, content_type_id, user_id, action_time) VALUES (247, '89', 'Corona', 1, '[{"added": {}}]', 7, 1, '2022-11-02 09:24:12.296365');
INSERT INTO django_admin_log (id, object_id, object_repr, action_flag, change_message, content_type_id, user_id, action_time) VALUES (248, '90', 'Estrella Galicia', 1, '[{"added": {}}]', 7, 1, '2022-11-02 09:24:45.006092');
INSERT INTO django_admin_log (id, object_id, object_repr, action_flag, change_message, content_type_id, user_id, action_time) VALUES (249, '91', 'Setien', 1, '[{"added": {}}]', 7, 1, '2022-11-02 09:25:33.930781');
INSERT INTO django_admin_log (id, object_id, object_repr, action_flag, change_message, content_type_id, user_id, action_time) VALUES (250, '92', 'Arnalte crianza', 1, '[{"added": {}}]', 7, 1, '2022-11-02 09:26:09.941199');
INSERT INTO django_admin_log (id, object_id, object_repr, action_flag, change_message, content_type_id, user_id, action_time) VALUES (251, '93', 'Baron de ley', 1, '[{"added": {}}]', 7, 1, '2022-11-02 09:27:10.723988');
INSERT INTO django_admin_log (id, object_id, object_repr, action_flag, change_message, content_type_id, user_id, action_time) VALUES (252, '91', 'Setien', 2, '[{"changed": {"fields": ["Submota"]}}]', 7, 1, '2022-11-02 09:28:02.009588');
INSERT INTO django_admin_log (id, object_id, object_repr, action_flag, change_message, content_type_id, user_id, action_time) VALUES (253, '92', 'Arnalte crianza', 2, '[]', 7, 1, '2022-11-02 09:28:07.365952');
INSERT INTO django_admin_log (id, object_id, object_repr, action_flag, change_message, content_type_id, user_id, action_time) VALUES (254, '92', 'Arnalte crianza', 2, '[]', 7, 1, '2022-11-02 09:28:07.431145');
INSERT INTO django_admin_log (id, object_id, object_repr, action_flag, change_message, content_type_id, user_id, action_time) VALUES (255, '88', 'Amstel classic', 2, '[]', 7, 1, '2022-11-02 09:28:12.760926');
INSERT INTO django_admin_log (id, object_id, object_repr, action_flag, change_message, content_type_id, user_id, action_time) VALUES (256, '88', 'Amstel classic', 2, '[]', 7, 1, '2022-11-02 09:28:16.279413');
INSERT INTO django_admin_log (id, object_id, object_repr, action_flag, change_message, content_type_id, user_id, action_time) VALUES (257, '90', 'Estrella Galicia', 2, '[{"changed": {"fields": ["Submota"]}}]', 7, 1, '2022-11-02 09:28:23.289402');
INSERT INTO django_admin_log (id, object_id, object_repr, action_flag, change_message, content_type_id, user_id, action_time) VALUES (258, '53', 'Hamburguesa berezia', 2, '[{"changed": {"fields": ["Argazki url"]}}]', 7, 1, '2022-11-02 10:51:42.595194');
INSERT INTO django_admin_log (id, object_id, object_repr, action_flag, change_message, content_type_id, user_id, action_time) VALUES (259, '53', 'Hamburguesa berezia', 2, '[]', 7, 1, '2022-11-02 10:51:52.743061');
INSERT INTO django_admin_log (id, object_id, object_repr, action_flag, change_message, content_type_id, user_id, action_time) VALUES (260, '90', 'Estrella Galicia', 2, '[]', 7, 1, '2022-11-02 10:57:57.668742');
INSERT INTO django_admin_log (id, object_id, object_repr, action_flag, change_message, content_type_id, user_id, action_time) VALUES (261, '61', 'Hamburguesa doble con aros de cebolla', 2, '[{"changed": {"fields": ["Argazki url"]}}]', 7, 1, '2022-11-02 10:58:08.386342');
INSERT INTO django_admin_log (id, object_id, object_repr, action_flag, change_message, content_type_id, user_id, action_time) VALUES (262, '61', 'Hamburguesa doble con aros de cebolla', 2, '[{"changed": {"fields": ["Argazki url"]}}]', 7, 1, '2022-11-02 10:58:57.725145');
INSERT INTO django_admin_log (id, object_id, object_repr, action_flag, change_message, content_type_id, user_id, action_time) VALUES (263, '51', 'Hamburguesa de ternera, queso y canonigos', 2, '[{"changed": {"fields": ["Izena", "Argazki url"]}}]', 7, 1, '2022-11-02 11:00:55.894169');
INSERT INTO django_admin_log (id, object_id, object_repr, action_flag, change_message, content_type_id, user_id, action_time) VALUES (264, '49', 'Hamburguesa de vacuno con jamon, queso y cebolla', 2, '[{"changed": {"fields": ["Argazki url"]}}]', 7, 1, '2022-11-02 11:03:49.103240');
INSERT INTO django_admin_log (id, object_id, object_repr, action_flag, change_message, content_type_id, user_id, action_time) VALUES (265, '50', 'Hamburguesa de queso', 2, '[{"changed": {"fields": ["Argazki url"]}}]', 7, 1, '2022-11-02 11:04:30.920255');
INSERT INTO django_admin_log (id, object_id, object_repr, action_flag, change_message, content_type_id, user_id, action_time) VALUES (266, '52', 'Hamburguesa vegetariana', 2, '[{"changed": {"fields": ["Argazki url"]}}]', 7, 1, '2022-11-02 11:08:41.296882');
INSERT INTO django_admin_log (id, object_id, object_repr, action_flag, change_message, content_type_id, user_id, action_time) VALUES (267, '58', 'Hamburguesa con queso azul y cebolla caramelizada', 2, '[{"changed": {"fields": ["Argazki url"]}}]', 7, 1, '2022-11-02 11:10:53.397002');
INSERT INTO django_admin_log (id, object_id, object_repr, action_flag, change_message, content_type_id, user_id, action_time) VALUES (268, '60', 'Hamburguesa de salmon y jenjibre', 2, '[{"changed": {"fields": ["Argazki url"]}}]', 7, 1, '2022-11-02 11:12:07.378326');
INSERT INTO django_admin_log (id, object_id, object_repr, action_flag, change_message, content_type_id, user_id, action_time) VALUES (269, '57', 'Hamburguesa de melocoton caramelizado y mozzarela', 2, '[{"changed": {"fields": ["Argazki url"]}}]', 7, 1, '2022-11-02 11:14:12.872735');
INSERT INTO django_admin_log (id, object_id, object_repr, action_flag, change_message, content_type_id, user_id, action_time) VALUES (270, '55', 'Hamburguesa iberica', 2, '[{"changed": {"fields": ["Argazki url"]}}]', 7, 1, '2022-11-02 11:16:12.254706');
INSERT INTO django_admin_log (id, object_id, object_repr, action_flag, change_message, content_type_id, user_id, action_time) VALUES (271, '55', 'Hamburguesa osoa', 2, '[{"changed": {"fields": ["Izena", "Osagaiak"]}}]', 7, 1, '2022-11-02 11:17:59.034795');
INSERT INTO django_admin_log (id, object_id, object_repr, action_flag, change_message, content_type_id, user_id, action_time) VALUES (272, '52', 'Hamburguesa vegetariana', 2, '[]', 7, 1, '2022-11-02 11:22:20.515704');
INSERT INTO django_admin_log (id, object_id, object_repr, action_flag, change_message, content_type_id, user_id, action_time) VALUES (273, '56', 'Hamburguesa vegetariana con guacamole y jalapeños', 2, '[{"changed": {"fields": ["Argazki url"]}}]', 7, 1, '2022-11-02 11:22:34.748046');
INSERT INTO django_admin_log (id, object_id, object_repr, action_flag, change_message, content_type_id, user_id, action_time) VALUES (274, '59', 'Hamburguesa vegana', 2, '[{"changed": {"fields": ["Argazki url"]}}]', 7, 1, '2022-11-02 11:23:15.227160');
INSERT INTO django_admin_log (id, object_id, object_repr, action_flag, change_message, content_type_id, user_id, action_time) VALUES (275, '59', 'Hamburguesa vegana', 2, '[{"changed": {"fields": ["Argazki url"]}}]', 7, 1, '2022-11-02 11:23:35.061416');
INSERT INTO django_admin_log (id, object_id, object_repr, action_flag, change_message, content_type_id, user_id, action_time) VALUES (276, '59', 'Hamburguesa vegana', 2, '[{"changed": {"fields": ["Argazki url"]}}]', 7, 1, '2022-11-02 11:25:11.729733');
INSERT INTO django_admin_log (id, object_id, object_repr, action_flag, change_message, content_type_id, user_id, action_time) VALUES (277, '52', 'Hamburguesa vegetariana', 2, '[{"changed": {"fields": ["Argazki url"]}}]', 7, 1, '2022-11-02 11:25:19.224302');
INSERT INTO django_admin_log (id, object_id, object_repr, action_flag, change_message, content_type_id, user_id, action_time) VALUES (278, '59', 'Hamburguesa vegana', 2, '[{"changed": {"fields": ["Argazki url"]}}]', 7, 1, '2022-11-02 11:25:44.506963');
INSERT INTO django_admin_log (id, object_id, object_repr, action_flag, change_message, content_type_id, user_id, action_time) VALUES (279, '34334', '34334', 1, '[{"added": {}}]', 10, 1, '2022-11-02 11:40:27.104505');
INSERT INTO django_admin_log (id, object_id, object_repr, action_flag, change_message, content_type_id, user_id, action_time) VALUES (280, '444', '444', 1, '[{"added": {}}]', 10, 1, '2022-11-02 11:42:28.575676');
INSERT INTO django_admin_log (id, object_id, object_repr, action_flag, change_message, content_type_id, user_id, action_time) VALUES (281, '4444', '4444', 1, '[{"added": {}}]', 10, 1, '2022-11-02 11:45:28.023250');
INSERT INTO django_admin_log (id, object_id, object_repr, action_flag, change_message, content_type_id, user_id, action_time) VALUES (282, '111111111111111', '111111111111111', 3, '', 10, 1, '2022-11-02 11:45:36.658370');
INSERT INTO django_admin_log (id, object_id, object_repr, action_flag, change_message, content_type_id, user_id, action_time) VALUES (283, '4444444', '4444444', 3, '', 10, 1, '2022-11-02 11:46:25.063522');
INSERT INTO django_admin_log (id, object_id, object_repr, action_flag, change_message, content_type_id, user_id, action_time) VALUES (284, '34334', '34334', 3, '', 10, 1, '2022-11-02 11:46:27.592843');
INSERT INTO django_admin_log (id, object_id, object_repr, action_flag, change_message, content_type_id, user_id, action_time) VALUES (285, '4444', '4444', 3, '', 10, 1, '2022-11-02 11:46:30.706279');
INSERT INTO django_admin_log (id, object_id, object_repr, action_flag, change_message, content_type_id, user_id, action_time) VALUES (286, '2222', '2222', 3, '', 10, 1, '2022-11-02 11:46:33.062404');
INSERT INTO django_admin_log (id, object_id, object_repr, action_flag, change_message, content_type_id, user_id, action_time) VALUES (287, '444', '444', 3, '', 10, 1, '2022-11-02 11:46:35.441472');
INSERT INTO django_admin_log (id, object_id, object_repr, action_flag, change_message, content_type_id, user_id, action_time) VALUES (288, '222', '222', 3, '', 10, 1, '2022-11-02 11:46:37.711804');
INSERT INTO django_admin_log (id, object_id, object_repr, action_flag, change_message, content_type_id, user_id, action_time) VALUES (289, '66', '66', 3, '', 10, 1, '2022-11-02 11:46:40.055875');
INSERT INTO django_admin_log (id, object_id, object_repr, action_flag, change_message, content_type_id, user_id, action_time) VALUES (290, '6', '6', 3, '', 10, 1, '2022-11-02 11:46:42.359824');
INSERT INTO django_admin_log (id, object_id, object_repr, action_flag, change_message, content_type_id, user_id, action_time) VALUES (291, '2', '2', 3, '', 10, 1, '2022-11-02 11:46:44.947864');
INSERT INTO django_admin_log (id, object_id, object_repr, action_flag, change_message, content_type_id, user_id, action_time) VALUES (292, '1', '1', 3, '', 10, 1, '2022-11-02 11:46:47.840838');
INSERT INTO django_admin_log (id, object_id, object_repr, action_flag, change_message, content_type_id, user_id, action_time) VALUES (293, '4020409677589419', '4020409677589419', 1, '[{"added": {}}]', 10, 1, '2022-11-02 11:47:44.908071');
INSERT INTO django_admin_log (id, object_id, object_repr, action_flag, change_message, content_type_id, user_id, action_time) VALUES (294, '4836803213862914', '4836803213862914', 1, '[{"added": {}}]', 10, 1, '2022-11-02 11:48:29.163735');
INSERT INTO django_admin_log (id, object_id, object_repr, action_flag, change_message, content_type_id, user_id, action_time) VALUES (295, '4461492111725563', '4461492111725563', 1, '[{"added": {}}]', 10, 1, '2022-11-02 11:49:16.428444');
INSERT INTO django_admin_log (id, object_id, object_repr, action_flag, change_message, content_type_id, user_id, action_time) VALUES (296, '4466279364464338', '4466279364464338', 1, '[{"added": {}}]', 10, 1, '2022-11-02 11:49:48.186523');
INSERT INTO django_admin_log (id, object_id, object_repr, action_flag, change_message, content_type_id, user_id, action_time) VALUES (297, '4277778087852215', '4277778087852215', 1, '[{"added": {}}]', 10, 1, '2022-11-02 11:50:22.165660');
INSERT INTO django_admin_log (id, object_id, object_repr, action_flag, change_message, content_type_id, user_id, action_time) VALUES (298, '4912094116298250', '4912094116298250', 1, '[{"added": {}}]', 10, 1, '2022-11-02 11:50:56.066462');
INSERT INTO django_admin_log (id, object_id, object_repr, action_flag, change_message, content_type_id, user_id, action_time) VALUES (299, '4912904116298250', '4912904116298250', 1, '[{"added": {}}]', 10, 1, '2022-11-02 11:51:08.307805');
INSERT INTO django_admin_log (id, object_id, object_repr, action_flag, change_message, content_type_id, user_id, action_time) VALUES (300, '4912904116298207', '4912904116298207', 2, '[{"changed": {"fields": ["Zenbakia"]}}]', 10, 1, '2022-11-02 11:51:23.259710');
INSERT INTO django_admin_log (id, object_id, object_repr, action_flag, change_message, content_type_id, user_id, action_time) VALUES (301, '4912094116298250', '4912094116298250', 3, '', 10, 1, '2022-11-02 11:51:41.324952');
INSERT INTO django_admin_log (id, object_id, object_repr, action_flag, change_message, content_type_id, user_id, action_time) VALUES (302, '4912904116298207', '4912904116298207', 2, '[{"changed": {"fields": ["Bezero dni"]}}]', 10, 1, '2022-11-02 11:53:07.535698');
INSERT INTO django_admin_log (id, object_id, object_repr, action_flag, change_message, content_type_id, user_id, action_time) VALUES (303, '5732094116298789', '5732094116298789', 1, '[{"added": {}}]', 10, 1, '2022-11-02 11:54:19.317752');
INSERT INTO django_admin_log (id, object_id, object_repr, action_flag, change_message, content_type_id, user_id, action_time) VALUES (304, '1', 'Taco al pastor', 2, '[{"changed": {"fields": ["Argazki url"]}}]', 7, 1, '2022-11-02 12:26:46.177828');
INSERT INTO django_admin_log (id, object_id, object_repr, action_flag, change_message, content_type_id, user_id, action_time) VALUES (305, '1', 'Taco al pastor', 2, '[{"changed": {"fields": ["Argazki url"]}}]', 7, 1, '2022-11-02 12:27:13.376530');
INSERT INTO django_admin_log (id, object_id, object_repr, action_flag, change_message, content_type_id, user_id, action_time) VALUES (306, '35', 'Bocadillo de calamares', 2, '[{"changed": {"fields": ["Argazki url"]}}]', 7, 1, '2022-11-02 12:37:43.513391');
INSERT INTO django_admin_log (id, object_id, object_repr, action_flag, change_message, content_type_id, user_id, action_time) VALUES (307, '41', 'Bocadillo serranito', 2, '[{"changed": {"fields": ["Argazki url"]}}]', 7, 1, '2022-11-02 12:38:18.886047');
INSERT INTO django_admin_log (id, object_id, object_repr, action_flag, change_message, content_type_id, user_id, action_time) VALUES (308, '41', 'Bocadillo serranito', 2, '[]', 7, 1, '2022-11-02 12:38:19.017703');
INSERT INTO django_admin_log (id, object_id, object_repr, action_flag, change_message, content_type_id, user_id, action_time) VALUES (309, '45', 'Bocadillo bacon, queso y pimientos', 2, '[{"changed": {"fields": ["Argazki url"]}}]', 7, 1, '2022-11-02 12:41:07.852052');
INSERT INTO django_admin_log (id, object_id, object_repr, action_flag, change_message, content_type_id, user_id, action_time) VALUES (310, '47', 'Bocadillo de tortilla con alioli', 2, '[{"changed": {"fields": ["Argazki url"]}}]', 7, 1, '2022-11-02 12:41:50.481524');
INSERT INTO django_admin_log (id, object_id, object_repr, action_flag, change_message, content_type_id, user_id, action_time) VALUES (311, '48', 'Bocadillo de pechuga, queso y pimientos', 2, '[{"changed": {"fields": ["Argazki url"]}}]', 7, 1, '2022-11-02 12:42:26.009308');
INSERT INTO django_admin_log (id, object_id, object_repr, action_flag, change_message, content_type_id, user_id, action_time) VALUES (312, '46', 'Bocadillo lomo, queso y pimientos', 2, '[{"changed": {"fields": ["Argazki url"]}}]', 7, 1, '2022-11-02 12:43:03.218329');
INSERT INTO django_admin_log (id, object_id, object_repr, action_flag, change_message, content_type_id, user_id, action_time) VALUES (313, '36', 'Bocadillo de ternera con salteado', 2, '[{"changed": {"fields": ["Argazki url"]}}]', 7, 1, '2022-11-02 12:44:29.415609');
INSERT INTO django_admin_log (id, object_id, object_repr, action_flag, change_message, content_type_id, user_id, action_time) VALUES (314, '37', 'Bocadillo de tinga de pollo al chile chipotle', 2, '[{"changed": {"fields": ["Argazki url"]}}]', 7, 1, '2022-11-02 12:45:05.863617');
INSERT INTO django_admin_log (id, object_id, object_repr, action_flag, change_message, content_type_id, user_id, action_time) VALUES (315, '38', 'Bocadillo jamon cocido con membrillo, pera y queso', 2, '[{"changed": {"fields": ["Argazki url"]}}]', 7, 1, '2022-11-02 12:46:38.212471');
INSERT INTO django_admin_log (id, object_id, object_repr, action_flag, change_message, content_type_id, user_id, action_time) VALUES (316, '39', 'Bocadillo de pulled pork con aguacate', 2, '[{"changed": {"fields": ["Argazki url"]}}]', 7, 1, '2022-11-02 12:47:27.797554');
INSERT INTO django_admin_log (id, object_id, object_repr, action_flag, change_message, content_type_id, user_id, action_time) VALUES (317, '39', 'Bocadillo de pulled pork con aguacate', 2, '[{"changed": {"fields": ["Argazki url"]}}]', 7, 1, '2022-11-02 12:47:49.813799');
INSERT INTO django_admin_log (id, object_id, object_repr, action_flag, change_message, content_type_id, user_id, action_time) VALUES (318, '40', 'Bocadillo de tomatitos marinados con anchoas', 2, '[{"changed": {"fields": ["Argazki url"]}}]', 7, 1, '2022-11-02 12:48:35.544092');
INSERT INTO django_admin_log (id, object_id, object_repr, action_flag, change_message, content_type_id, user_id, action_time) VALUES (319, '42', 'Bocadillo de pollo con chimichurri', 2, '[{"changed": {"fields": ["Argazki url"]}}]', 7, 1, '2022-11-02 12:49:16.696156');
INSERT INTO django_admin_log (id, object_id, object_repr, action_flag, change_message, content_type_id, user_id, action_time) VALUES (320, '43', 'Bocadillo de pollo con aguacate, queso y canonigos', 2, '[{"changed": {"fields": ["Argazki url"]}}]', 7, 1, '2022-11-02 12:50:18.858904');
INSERT INTO django_admin_log (id, object_id, object_repr, action_flag, change_message, content_type_id, user_id, action_time) VALUES (321, '44', 'Bocadillo de secreto con queso y cebolla', 2, '[{"changed": {"fields": ["Argazki url"]}}]', 7, 1, '2022-11-02 12:50:56.044345');
INSERT INTO django_admin_log (id, object_id, object_repr, action_flag, change_message, content_type_id, user_id, action_time) VALUES (322, '2', 'Taco de canasta', 2, '[{"changed": {"fields": ["Argazki url"]}}]', 7, 1, '2022-11-02 12:55:36.914212');
INSERT INTO django_admin_log (id, object_id, object_repr, action_flag, change_message, content_type_id, user_id, action_time) VALUES (323, '2', 'Taco de canasta', 2, '[{"changed": {"fields": ["Argazki url"]}}]', 7, 1, '2022-11-02 12:55:52.313195');
INSERT INTO django_admin_log (id, object_id, object_repr, action_flag, change_message, content_type_id, user_id, action_time) VALUES (324, '2', 'Taco de canasta', 2, '[{"changed": {"fields": ["Argazki url"]}}]', 7, 1, '2022-11-02 12:56:05.474999');
INSERT INTO django_admin_log (id, object_id, object_repr, action_flag, change_message, content_type_id, user_id, action_time) VALUES (325, '3', 'Tacos dorados', 2, '[{"changed": {"fields": ["Argazki url"]}}]', 7, 1, '2022-11-02 12:56:37.434867');
INSERT INTO django_admin_log (id, object_id, object_repr, action_flag, change_message, content_type_id, user_id, action_time) VALUES (326, '4', 'Tacos de barbacoa', 2, '[{"changed": {"fields": ["Argazki url"]}}]', 7, 1, '2022-11-02 12:56:55.168965');
INSERT INTO django_admin_log (id, object_id, object_repr, action_flag, change_message, content_type_id, user_id, action_time) VALUES (327, '5', 'Tacos de carnitas', 2, '[{"changed": {"fields": ["Argazki url"]}}]', 7, 1, '2022-11-02 12:57:20.847847');
INSERT INTO django_admin_log (id, object_id, object_repr, action_flag, change_message, content_type_id, user_id, action_time) VALUES (328, '6', 'Tacos de guisado', 2, '[{"changed": {"fields": ["Argazki url"]}}]', 7, 1, '2022-11-02 12:57:46.250828');
INSERT INTO django_admin_log (id, object_id, object_repr, action_flag, change_message, content_type_id, user_id, action_time) VALUES (329, '6', 'Tacos de guisado', 2, '[{"changed": {"fields": ["Argazki url"]}}]', 7, 1, '2022-11-02 12:58:05.342942');
INSERT INTO django_admin_log (id, object_id, object_repr, action_flag, change_message, content_type_id, user_id, action_time) VALUES (330, '8', 'Tacos de carne asada', 2, '[{"changed": {"fields": ["Argazki url"]}}]', 7, 1, '2022-11-02 12:58:30.258798');
INSERT INTO django_admin_log (id, object_id, object_repr, action_flag, change_message, content_type_id, user_id, action_time) VALUES (331, '9', 'Tacos de suadero', 2, '[{"changed": {"fields": ["Argazki url"]}}]', 7, 1, '2022-11-02 12:58:55.833150');
INSERT INTO django_admin_log (id, object_id, object_repr, action_flag, change_message, content_type_id, user_id, action_time) VALUES (332, '9', 'Tacos de suadero', 2, '[{"changed": {"fields": ["Argazki url"]}}]', 7, 1, '2022-11-02 12:59:13.397902');
INSERT INTO django_admin_log (id, object_id, object_repr, action_flag, change_message, content_type_id, user_id, action_time) VALUES (333, '9', 'Tacos de suadero', 2, '[]', 7, 1, '2022-11-02 12:59:30.013695');
INSERT INTO django_admin_log (id, object_id, object_repr, action_flag, change_message, content_type_id, user_id, action_time) VALUES (334, '9', 'Tacos de suadero', 2, '[]', 7, 1, '2022-11-02 12:59:40.477180');
INSERT INTO django_admin_log (id, object_id, object_repr, action_flag, change_message, content_type_id, user_id, action_time) VALUES (335, '9', 'Tacos de suadero', 2, '[{"changed": {"fields": ["Argazki url"]}}]', 7, 1, '2022-11-02 12:59:56.083224');
INSERT INTO django_admin_log (id, object_id, object_repr, action_flag, change_message, content_type_id, user_id, action_time) VALUES (336, '9', 'Tacos de suadero', 2, '[{"changed": {"fields": ["Argazki url"]}}]', 7, 1, '2022-11-02 13:00:27.810212');
INSERT INTO django_admin_log (id, object_id, object_repr, action_flag, change_message, content_type_id, user_id, action_time) VALUES (337, '12', 'Enchiladas rojas', 2, '[{"changed": {"fields": ["Argazki url"]}}]', 7, 1, '2022-11-02 13:01:39.665313');
INSERT INTO django_admin_log (id, object_id, object_repr, action_flag, change_message, content_type_id, user_id, action_time) VALUES (338, '14', 'Enchiladas verdes', 2, '[{"changed": {"fields": ["Argazki url"]}}]', 7, 1, '2022-11-02 13:01:53.024452');
INSERT INTO django_admin_log (id, object_id, object_repr, action_flag, change_message, content_type_id, user_id, action_time) VALUES (339, '14', 'Enchiladas verdes', 2, '[{"changed": {"fields": ["Argazki url"]}}]', 7, 1, '2022-11-02 13:02:04.636183');
INSERT INTO django_admin_log (id, object_id, object_repr, action_flag, change_message, content_type_id, user_id, action_time) VALUES (340, '15', 'Enchiladas suizas', 2, '[{"changed": {"fields": ["Argazki url"]}}]', 7, 1, '2022-11-02 13:02:18.801967');
INSERT INTO django_admin_log (id, object_id, object_repr, action_flag, change_message, content_type_id, user_id, action_time) VALUES (341, '16', 'Enchiladas mineras', 2, '[{"changed": {"fields": ["Argazki url"]}}]', 7, 1, '2022-11-02 13:02:42.810165');
INSERT INTO django_admin_log (id, object_id, object_repr, action_flag, change_message, content_type_id, user_id, action_time) VALUES (342, '11', 'Enchiladas de mole', 2, '[{"changed": {"fields": ["Argazki url"]}}]', 7, 1, '2022-11-02 13:03:12.193275');
INSERT INTO django_admin_log (id, object_id, object_repr, action_flag, change_message, content_type_id, user_id, action_time) VALUES (343, '15', 'Enchiladas suizas', 2, '[{"changed": {"fields": ["Argazki url"]}}]', 7, 1, '2022-11-02 13:03:38.255365');
INSERT INTO django_admin_log (id, object_id, object_repr, action_flag, change_message, content_type_id, user_id, action_time) VALUES (344, '16', 'Enchiladas mineras', 2, '[{"changed": {"fields": ["Argazki url"]}}]', 7, 1, '2022-11-02 13:04:01.197795');
INSERT INTO django_admin_log (id, object_id, object_repr, action_flag, change_message, content_type_id, user_id, action_time) VALUES (345, '17', 'Enchiladas de potosinas', 2, '[{"changed": {"fields": ["Argazki url"]}}]', 7, 1, '2022-11-02 13:04:23.987688');
INSERT INTO django_admin_log (id, object_id, object_repr, action_flag, change_message, content_type_id, user_id, action_time) VALUES (346, '19', 'Nachos 3 salsas', 2, '[{"changed": {"fields": ["Argazki url"]}}]', 7, 1, '2022-11-02 13:04:57.050834');
INSERT INTO django_admin_log (id, object_id, object_repr, action_flag, change_message, content_type_id, user_id, action_time) VALUES (347, '20', 'Nachos costillar', 2, '[{"changed": {"fields": ["Argazki url"]}}]', 7, 1, '2022-11-02 13:05:20.193305');
INSERT INTO django_admin_log (id, object_id, object_repr, action_flag, change_message, content_type_id, user_id, action_time) VALUES (348, '20', 'Nachos costillar', 2, '[]', 7, 1, '2022-11-02 13:05:33.225544');
INSERT INTO django_admin_log (id, object_id, object_repr, action_flag, change_message, content_type_id, user_id, action_time) VALUES (349, '20', 'Nachos costillar', 2, '[]', 7, 1, '2022-11-02 13:05:45.992507');
INSERT INTO django_admin_log (id, object_id, object_repr, action_flag, change_message, content_type_id, user_id, action_time) VALUES (350, '20', 'Nachos costillar', 2, '[{"changed": {"fields": ["Argazki url"]}}]', 7, 1, '2022-11-02 13:06:06.530464');
INSERT INTO django_admin_log (id, object_id, object_repr, action_flag, change_message, content_type_id, user_id, action_time) VALUES (351, '21', 'Nachos remix', 2, '[{"changed": {"fields": ["Argazki url"]}}]', 7, 1, '2022-11-02 13:06:30.132573');
INSERT INTO django_admin_log (id, object_id, object_repr, action_flag, change_message, content_type_id, user_id, action_time) VALUES (352, '18', 'Nachos con maiz', 2, '[{"changed": {"fields": ["Argazki url"]}}]', 7, 1, '2022-11-02 13:06:59.194073');
INSERT INTO django_admin_log (id, object_id, object_repr, action_flag, change_message, content_type_id, user_id, action_time) VALUES (353, '29', 'Chilaquiles verdes', 2, '[{"changed": {"fields": ["Argazki url"]}}]', 7, 1, '2022-11-02 13:08:07.464343');
INSERT INTO django_admin_log (id, object_id, object_repr, action_flag, change_message, content_type_id, user_id, action_time) VALUES (354, '31', 'Chilaquiles rojos', 2, '[{"changed": {"fields": ["Argazki url"]}}]', 7, 1, '2022-11-02 13:08:18.268232');
INSERT INTO django_admin_log (id, object_id, object_repr, action_flag, change_message, content_type_id, user_id, action_time) VALUES (355, '29', 'Chilaquiles verdes', 2, '[{"changed": {"fields": ["Argazki url"]}}]', 7, 1, '2022-11-02 13:08:46.777145');
INSERT INTO django_admin_log (id, object_id, object_repr, action_flag, change_message, content_type_id, user_id, action_time) VALUES (356, '32', 'Chilaquiles con camarones', 2, '[{"changed": {"fields": ["Argazki url"]}}]', 7, 1, '2022-11-02 13:09:02.837268');
INSERT INTO django_admin_log (id, object_id, object_repr, action_flag, change_message, content_type_id, user_id, action_time) VALUES (357, '33', 'Chilaquiles de flor de jamaica', 2, '[{"changed": {"fields": ["Argazki url"]}}]', 7, 1, '2022-11-02 13:09:16.353998');
INSERT INTO django_admin_log (id, object_id, object_repr, action_flag, change_message, content_type_id, user_id, action_time) VALUES (358, '33', 'Chilaquiles de flor de jamaica', 2, '[{"changed": {"fields": ["Argazki url"]}}]', 7, 1, '2022-11-02 13:09:30.039596');
INSERT INTO django_admin_log (id, object_id, object_repr, action_flag, change_message, content_type_id, user_id, action_time) VALUES (359, '34', 'Chilaquiles veganos', 2, '[{"changed": {"fields": ["Argazki url"]}}]', 7, 1, '2022-11-02 13:09:55.949380');
INSERT INTO django_admin_log (id, object_id, object_repr, action_flag, change_message, content_type_id, user_id, action_time) VALUES (360, '23', 'Tamales con salsa roja', 2, '[{"changed": {"fields": ["Argazki url"]}}]', 7, 1, '2022-11-02 13:10:36.778170');
INSERT INTO django_admin_log (id, object_id, object_repr, action_flag, change_message, content_type_id, user_id, action_time) VALUES (361, '22', 'Tamales con salsa verde', 2, '[{"changed": {"fields": ["Argazki url"]}}]', 7, 1, '2022-11-02 13:11:00.501523');
INSERT INTO django_admin_log (id, object_id, object_repr, action_flag, change_message, content_type_id, user_id, action_time) VALUES (362, '24', 'Tamales de oaxaqueños', 2, '[{"changed": {"fields": ["Argazki url"]}}]', 7, 1, '2022-11-02 13:11:18.640817');
INSERT INTO django_admin_log (id, object_id, object_repr, action_flag, change_message, content_type_id, user_id, action_time) VALUES (363, '25', 'Tamales de chaya', 2, '[{"changed": {"fields": ["Argazki url"]}}]', 7, 1, '2022-11-02 13:11:45.640053');
INSERT INTO django_admin_log (id, object_id, object_repr, action_flag, change_message, content_type_id, user_id, action_time) VALUES (364, '26', 'Tamales dulces', 2, '[{"changed": {"fields": ["Argazki url"]}}]', 7, 1, '2022-11-02 13:12:04.611551');
INSERT INTO django_admin_log (id, object_id, object_repr, action_flag, change_message, content_type_id, user_id, action_time) VALUES (365, '27', 'Tamales canarios', 2, '[{"changed": {"fields": ["Argazki url"]}}]', 7, 1, '2022-11-02 13:12:31.962507');
INSERT INTO django_admin_log (id, object_id, object_repr, action_flag, change_message, content_type_id, user_id, action_time) VALUES (366, '28', 'Tamales de pollo', 2, '[{"changed": {"fields": ["Argazki url"]}}]', 7, 1, '2022-11-02 13:12:47.596392');
INSERT INTO django_admin_log (id, object_id, object_repr, action_flag, change_message, content_type_id, user_id, action_time) VALUES (367, '28', 'Tamales de pollo', 2, '[{"changed": {"fields": ["Argazki url"]}}]', 7, 1, '2022-11-02 13:13:05.044463');
INSERT INTO django_admin_log (id, object_id, object_repr, action_flag, change_message, content_type_id, user_id, action_time) VALUES (368, '1', 'thefoodkingdom', 2, '[{"changed": {"fields": ["First name", "Last name"]}}]', 4, 1, '2022-11-03 07:02:27.228780');
INSERT INTO django_admin_log (id, object_id, object_repr, action_flag, change_message, content_type_id, user_id, action_time) VALUES (369, '1', 'Taco al pastor', 2, '[{"changed": {"fields": ["Argazki url"]}}]', 7, 1, '2022-11-03 07:17:43.018589');
INSERT INTO django_admin_log (id, object_id, object_repr, action_flag, change_message, content_type_id, user_id, action_time) VALUES (370, '80', 'Fanta naranja', 2, '[{"changed": {"fields": ["Argazki url"]}}]', 7, 1, '2022-11-03 07:22:37.202408');
INSERT INTO django_admin_log (id, object_id, object_repr, action_flag, change_message, content_type_id, user_id, action_time) VALUES (371, '81', 'Fanta limon', 2, '[{"changed": {"fields": ["Argazki url"]}}]', 7, 1, '2022-11-03 07:23:04.081001');
INSERT INTO django_admin_log (id, object_id, object_repr, action_flag, change_message, content_type_id, user_id, action_time) VALUES (372, '67', 'Coca-Cola', 2, '[{"changed": {"fields": ["Argazki url"]}}]', 7, 1, '2022-11-03 07:28:07.119512');
INSERT INTO django_admin_log (id, object_id, object_repr, action_flag, change_message, content_type_id, user_id, action_time) VALUES (373, '68', 'Pepsi', 2, '[{"changed": {"fields": ["Argazki url"]}}]', 7, 1, '2022-11-03 07:29:32.136780');
INSERT INTO django_admin_log (id, object_id, object_repr, action_flag, change_message, content_type_id, user_id, action_time) VALUES (374, '69', 'Pepsi Light', 3, '', 7, 1, '2022-11-03 07:30:05.532536');
INSERT INTO django_admin_log (id, object_id, object_repr, action_flag, change_message, content_type_id, user_id, action_time) VALUES (375, '73', 'Aquarius naranja light', 3, '', 7, 1, '2022-11-03 07:31:21.079041');
INSERT INTO django_admin_log (id, object_id, object_repr, action_flag, change_message, content_type_id, user_id, action_time) VALUES (376, '75', 'Aquarius limon light', 3, '', 7, 1, '2022-11-03 07:33:47.380636');
INSERT INTO django_admin_log (id, object_id, object_repr, action_flag, change_message, content_type_id, user_id, action_time) VALUES (377, '82', 'Sprite', 2, '[{"changed": {"fields": ["Argazki url"]}}]', 7, 1, '2022-11-03 07:34:48.797918');
INSERT INTO django_admin_log (id, object_id, object_repr, action_flag, change_message, content_type_id, user_id, action_time) VALUES (378, '68', 'Pepsi', 2, '[{"changed": {"fields": ["Argazki url"]}}]', 7, 1, '2022-11-03 07:35:01.063602');
INSERT INTO django_admin_log (id, object_id, object_repr, action_flag, change_message, content_type_id, user_id, action_time) VALUES (379, '80', 'Fanta naranja', 2, '[{"changed": {"fields": ["Argazki url"]}}]', 7, 1, '2022-11-03 07:35:11.259655');
INSERT INTO django_admin_log (id, object_id, object_repr, action_flag, change_message, content_type_id, user_id, action_time) VALUES (380, '67', 'Coca-Cola', 2, '[{"changed": {"fields": ["Argazki url"]}}]', 7, 1, '2022-11-03 07:35:25.772787');
INSERT INTO django_admin_log (id, object_id, object_repr, action_flag, change_message, content_type_id, user_id, action_time) VALUES (381, '68', 'Pepsi', 2, '[{"changed": {"fields": ["Argazki url"]}}]', 7, 1, '2022-11-03 07:36:58.633564');
INSERT INTO django_admin_log (id, object_id, object_repr, action_flag, change_message, content_type_id, user_id, action_time) VALUES (382, '67', 'Coca-Cola', 2, '[{"changed": {"fields": ["Argazki url"]}}]', 7, 1, '2022-11-03 07:44:35.017146');
INSERT INTO django_admin_log (id, object_id, object_repr, action_flag, change_message, content_type_id, user_id, action_time) VALUES (383, '67', 'Coca-Cola', 2, '[{"changed": {"fields": ["Argazki url"]}}]', 7, 1, '2022-11-03 07:46:38.248090');
INSERT INTO django_admin_log (id, object_id, object_repr, action_flag, change_message, content_type_id, user_id, action_time) VALUES (384, '80', 'Fanta naranja', 2, '[{"changed": {"fields": ["Argazki url"]}}]', 7, 1, '2022-11-03 07:47:22.001485');
INSERT INTO django_admin_log (id, object_id, object_repr, action_flag, change_message, content_type_id, user_id, action_time) VALUES (385, '64', 'Coca-Cola Zero', 2, '[{"changed": {"fields": ["Argazki url"]}}]', 7, 1, '2022-11-03 07:51:32.014319');
INSERT INTO django_admin_log (id, object_id, object_repr, action_flag, change_message, content_type_id, user_id, action_time) VALUES (386, '64', 'Coca-Cola Zero', 2, '[{"changed": {"fields": ["Argazki url"]}}]', 7, 1, '2022-11-03 07:55:56.488153');
INSERT INTO django_admin_log (id, object_id, object_repr, action_flag, change_message, content_type_id, user_id, action_time) VALUES (387, '64', 'Coca-Cola Zero', 2, '[]', 7, 1, '2022-11-03 07:56:48.006151');
INSERT INTO django_admin_log (id, object_id, object_repr, action_flag, change_message, content_type_id, user_id, action_time) VALUES (388, '90', 'Estrella Galicia', 2, '[{"changed": {"fields": ["Argazki url"]}}]', 7, 1, '2022-11-03 08:18:27.125638');
INSERT INTO django_admin_log (id, object_id, object_repr, action_flag, change_message, content_type_id, user_id, action_time) VALUES (389, '90', 'Estrella Galicia', 2, '[{"changed": {"fields": ["Argazki url"]}}]', 7, 1, '2022-11-03 08:18:47.284458');
INSERT INTO django_admin_log (id, object_id, object_repr, action_flag, change_message, content_type_id, user_id, action_time) VALUES (390, '88', 'Heineken', 2, '[{"changed": {"fields": ["Izena", "Argazki url"]}}]', 7, 1, '2022-11-03 08:20:59.972923');
INSERT INTO django_admin_log (id, object_id, object_repr, action_flag, change_message, content_type_id, user_id, action_time) VALUES (391, '89', 'Corona', 2, '[{"changed": {"fields": ["Argazki url"]}}]', 7, 1, '2022-11-03 08:21:52.614627');
INSERT INTO django_admin_log (id, object_id, object_repr, action_flag, change_message, content_type_id, user_id, action_time) VALUES (392, '89', 'Amstel', 2, '[{"changed": {"fields": ["Izena"]}}]', 7, 1, '2022-11-03 08:22:08.431396');
INSERT INTO django_admin_log (id, object_id, object_repr, action_flag, change_message, content_type_id, user_id, action_time) VALUES (393, '90', 'Estrella Galicia', 2, '[{"changed": {"fields": ["Argazki url"]}}]', 7, 1, '2022-11-03 08:23:11.415580');
INSERT INTO django_admin_log (id, object_id, object_repr, action_flag, change_message, content_type_id, user_id, action_time) VALUES (394, '90', 'Estrella Galicia', 2, '[]', 7, 1, '2022-11-03 08:23:11.589639');
INSERT INTO django_admin_log (id, object_id, object_repr, action_flag, change_message, content_type_id, user_id, action_time) VALUES (395, '90', 'Peroni', 2, '[{"changed": {"fields": ["Izena"]}}]', 7, 1, '2022-11-03 08:23:28.084796');
INSERT INTO django_admin_log (id, object_id, object_repr, action_flag, change_message, content_type_id, user_id, action_time) VALUES (396, '94', 'Budweiser', 1, '[{"added": {}}]', 7, 1, '2022-11-03 08:26:56.987701');
INSERT INTO django_admin_log (id, object_id, object_repr, action_flag, change_message, content_type_id, user_id, action_time) VALUES (397, '86', 'Tonica schweppes', 2, '[]', 7, 1, '2022-11-03 08:27:57.652679');
INSERT INTO django_admin_log (id, object_id, object_repr, action_flag, change_message, content_type_id, user_id, action_time) VALUES (398, '82', 'Sprite', 3, '', 7, 1, '2022-11-03 08:28:01.954429');
INSERT INTO django_admin_log (id, object_id, object_repr, action_flag, change_message, content_type_id, user_id, action_time) VALUES (399, '86', 'Tonica schweppes', 3, '', 7, 1, '2022-11-03 08:28:24.921183');
INSERT INTO django_admin_log (id, object_id, object_repr, action_flag, change_message, content_type_id, user_id, action_time) VALUES (400, '90', 'Budweiser', 2, '[{"changed": {"fields": ["Izena", "Argazki url"]}}]', 7, 1, '2022-11-03 08:29:05.463530');
INSERT INTO django_admin_log (id, object_id, object_repr, action_flag, change_message, content_type_id, user_id, action_time) VALUES (401, '90', 'Budweiser', 2, '[]', 7, 1, '2022-11-03 08:29:05.659254');
INSERT INTO django_admin_log (id, object_id, object_repr, action_flag, change_message, content_type_id, user_id, action_time) VALUES (402, '94', 'Budweiser', 3, '', 7, 1, '2022-11-03 08:29:13.474782');
INSERT INTO django_admin_log (id, object_id, object_repr, action_flag, change_message, content_type_id, user_id, action_time) VALUES (403, '91', 'La Motte', 2, '[{"changed": {"fields": ["Izena", "Prezioa", "Argazki url"]}}]', 7, 1, '2022-11-03 08:30:50.752553');
INSERT INTO django_admin_log (id, object_id, object_repr, action_flag, change_message, content_type_id, user_id, action_time) VALUES (404, '91', 'La Motte', 2, '[{"changed": {"fields": ["Argazki url"]}}]', 7, 1, '2022-11-03 08:31:17.771012');
INSERT INTO django_admin_log (id, object_id, object_repr, action_flag, change_message, content_type_id, user_id, action_time) VALUES (405, '91', 'La Motte', 2, '[{"changed": {"fields": ["Argazki url"]}}]', 7, 1, '2022-11-03 08:31:36.671867');
INSERT INTO django_admin_log (id, object_id, object_repr, action_flag, change_message, content_type_id, user_id, action_time) VALUES (406, '91', 'Barolo', 2, '[{"changed": {"fields": ["Izena"]}}]', 7, 1, '2022-11-03 08:31:47.323095');
INSERT INTO django_admin_log (id, object_id, object_repr, action_flag, change_message, content_type_id, user_id, action_time) VALUES (407, '92', 'Arnalte crianza', 2, '[{"changed": {"fields": ["Argazki url"]}}]', 7, 1, '2022-11-03 08:33:03.366427');
INSERT INTO django_admin_log (id, object_id, object_repr, action_flag, change_message, content_type_id, user_id, action_time) VALUES (408, '92', 'Grands Vins De Bourgogne', 2, '[{"changed": {"fields": ["Izena", "Prezioa"]}}]', 7, 1, '2022-11-03 08:34:21.289453');
INSERT INTO django_admin_log (id, object_id, object_repr, action_flag, change_message, content_type_id, user_id, action_time) VALUES (409, '93', 'Baron de ley', 2, '[{"changed": {"fields": ["Argazki url"]}}]', 7, 1, '2022-11-03 08:35:24.634385');
INSERT INTO django_admin_log (id, object_id, object_repr, action_flag, change_message, content_type_id, user_id, action_time) VALUES (410, '93', 'Château De La Loire', 2, '[{"changed": {"fields": ["Izena"]}}]', 7, 1, '2022-11-03 08:36:24.368998');
INSERT INTO django_admin_log (id, object_id, object_repr, action_flag, change_message, content_type_id, user_id, action_time) VALUES (411, '83', 'Ur txikia 200ml', 2, '[{"changed": {"fields": ["Argazki url"]}}]', 7, 1, '2022-11-03 08:37:57.071946');
INSERT INTO django_admin_log (id, object_id, object_repr, action_flag, change_message, content_type_id, user_id, action_time) VALUES (412, '83', 'Ur txikia 200ml', 2, '[{"changed": {"fields": ["Argazki url"]}}]', 7, 1, '2022-11-03 08:38:19.381809');
INSERT INTO django_admin_log (id, object_id, object_repr, action_flag, change_message, content_type_id, user_id, action_time) VALUES (413, '83', 'Ur txikia 200ml', 2, '[]', 7, 1, '2022-11-03 08:39:38.940822');
INSERT INTO django_admin_log (id, object_id, object_repr, action_flag, change_message, content_type_id, user_id, action_time) VALUES (414, '83', 'Ur txikia 200ml', 2, '[]', 7, 1, '2022-11-03 08:41:13.131311');
INSERT INTO django_admin_log (id, object_id, object_repr, action_flag, change_message, content_type_id, user_id, action_time) VALUES (415, '84', 'Ur ertaina 500ml', 2, '[{"changed": {"fields": ["Argazki url"]}}]', 7, 1, '2022-11-03 08:41:16.876300');
INSERT INTO django_admin_log (id, object_id, object_repr, action_flag, change_message, content_type_id, user_id, action_time) VALUES (416, '83', 'Ur txikia 200ml', 2, '[{"changed": {"fields": ["Argazki url"]}}]', 7, 1, '2022-11-03 08:41:47.262867');
INSERT INTO django_admin_log (id, object_id, object_repr, action_flag, change_message, content_type_id, user_id, action_time) VALUES (417, '85', 'Ur handia 1L', 2, '[{"changed": {"fields": ["Argazki url"]}}]', 7, 1, '2022-11-03 08:43:27.484698');
INSERT INTO django_admin_log (id, object_id, object_repr, action_flag, change_message, content_type_id, user_id, action_time) VALUES (418, '81', 'Fanta limon', 2, '[{"changed": {"fields": ["Argazki url"]}}]', 7, 1, '2022-11-03 08:44:22.124036');
INSERT INTO django_admin_log (id, object_id, object_repr, action_flag, change_message, content_type_id, user_id, action_time) VALUES (419, '66', 'Coca-Cola Light', 3, '', 7, 1, '2022-11-03 08:46:15.567177');
INSERT INTO django_admin_log (id, object_id, object_repr, action_flag, change_message, content_type_id, user_id, action_time) VALUES (420, '65', 'Coca-Cola Zero Zero', 3, '', 7, 1, '2022-11-03 08:46:20.159570');
INSERT INTO django_admin_log (id, object_id, object_repr, action_flag, change_message, content_type_id, user_id, action_time) VALUES (421, '64', 'Coca-Cola Zero', 3, '', 7, 1, '2022-11-03 08:46:25.847221');
INSERT INTO django_admin_log (id, object_id, object_repr, action_flag, change_message, content_type_id, user_id, action_time) VALUES (422, '62', 'Hamburgesa cebollera', 2, '[{"changed": {"fields": ["Izena", "Osagaiak", "Prezioa", "Mota", "Submota", "Argazki url"]}}]', 7, 1, '2022-11-03 09:10:10.451539');
INSERT INTO django_admin_log (id, object_id, object_repr, action_flag, change_message, content_type_id, user_id, action_time) VALUES (423, '63', 'Kas limon', 3, '', 7, 1, '2022-11-03 09:10:25.601965');
INSERT INTO django_admin_log (id, object_id, object_repr, action_flag, change_message, content_type_id, user_id, action_time) VALUES (424, '72', 'Aquarius limon', 3, '', 7, 1, '2022-11-03 09:10:33.851098');
INSERT INTO django_admin_log (id, object_id, object_repr, action_flag, change_message, content_type_id, user_id, action_time) VALUES (425, '71', 'Aquarius naranja', 3, '', 7, 1, '2022-11-03 09:10:37.346391');
INSERT INTO django_admin_log (id, object_id, object_repr, action_flag, change_message, content_type_id, user_id, action_time) VALUES (426, '78', 'Nestea naranja', 3, '', 7, 1, '2022-11-03 09:10:44.200979');
INSERT INTO django_admin_log (id, object_id, object_repr, action_flag, change_message, content_type_id, user_id, action_time) VALUES (427, '77', 'Nestea limon', 3, '', 7, 1, '2022-11-03 09:10:47.704877');
INSERT INTO django_admin_log (id, object_id, object_repr, action_flag, change_message, content_type_id, user_id, action_time) VALUES (428, '81', 'Fanta limon', 3, '', 7, 1, '2022-11-03 09:10:56.272895');
INSERT INTO django_admin_log (id, object_id, object_repr, action_flag, change_message, content_type_id, user_id, action_time) VALUES (429, '62', 'Hamburgesa cebollera', 2, '[{"changed": {"fields": ["Submota"]}}]', 7, 1, '2022-11-03 09:11:36.016145');
INSERT INTO django_admin_log (id, object_id, object_repr, action_flag, change_message, content_type_id, user_id, action_time) VALUES (430, '62', 'Hamburgesa cebollera', 2, '[{"changed": {"fields": ["Submota"]}}]', 7, 1, '2022-11-03 09:11:54.796875');
INSERT INTO django_admin_log (id, object_id, object_repr, action_flag, change_message, content_type_id, user_id, action_time) VALUES (431, '28', 'Tamales de pollo', 3, '', 7, 1, '2022-11-03 09:12:22.747178');
INSERT INTO django_admin_log (id, object_id, object_repr, action_flag, change_message, content_type_id, user_id, action_time) VALUES (432, '21', 'Nachos remix', 3, '', 7, 1, '2022-11-03 09:12:45.185265');
INSERT INTO django_admin_log (id, object_id, object_repr, action_flag, change_message, content_type_id, user_id, action_time) VALUES (433, '1', '2022-11-16', 1, '[{"added": {}}]', 13, 1, '2022-11-07 08:21:43.476168');
INSERT INTO django_admin_log (id, object_id, object_repr, action_flag, change_message, content_type_id, user_id, action_time) VALUES (434, '1', '1', 1, '[{"added": {}}]', 11, 1, '2022-11-07 08:22:00.407205');
INSERT INTO django_admin_log (id, object_id, object_repr, action_flag, change_message, content_type_id, user_id, action_time) VALUES (435, '1', '1', 3, '', 11, 1, '2022-11-07 08:22:19.102718');
INSERT INTO django_admin_log (id, object_id, object_repr, action_flag, change_message, content_type_id, user_id, action_time) VALUES (436, '1', '2022-11-16', 3, '', 13, 1, '2022-11-07 08:23:30.359776');
INSERT INTO django_admin_log (id, object_id, object_repr, action_flag, change_message, content_type_id, user_id, action_time) VALUES (437, '2', '2022-11-10', 1, '[{"added": {}}]', 13, 1, '2022-11-07 08:24:21.412479');
INSERT INTO django_admin_log (id, object_id, object_repr, action_flag, change_message, content_type_id, user_id, action_time) VALUES (438, '2', '2', 3, '', 13, 1, '2022-11-07 08:26:41.779115');
INSERT INTO django_admin_log (id, object_id, object_repr, action_flag, change_message, content_type_id, user_id, action_time) VALUES (439, '3', '3', 1, '[{"added": {}}]', 13, 1, '2022-11-07 08:26:57.426351');
INSERT INTO django_admin_log (id, object_id, object_repr, action_flag, change_message, content_type_id, user_id, action_time) VALUES (440, '3', '3', 3, '', 13, 1, '2022-11-07 08:27:12.635787');
INSERT INTO django_admin_log (id, object_id, object_repr, action_flag, change_message, content_type_id, user_id, action_time) VALUES (441, '31', '31', 3, '', 12, 1, '2022-11-07 10:44:22.524372');
INSERT INTO django_admin_log (id, object_id, object_repr, action_flag, change_message, content_type_id, user_id, action_time) VALUES (442, '30', '30', 3, '', 12, 1, '2022-11-07 10:44:24.890726');
INSERT INTO django_admin_log (id, object_id, object_repr, action_flag, change_message, content_type_id, user_id, action_time) VALUES (443, '29', '29', 3, '', 12, 1, '2022-11-07 10:44:27.334326');
INSERT INTO django_admin_log (id, object_id, object_repr, action_flag, change_message, content_type_id, user_id, action_time) VALUES (444, '27', '27', 3, '', 12, 1, '2022-11-07 10:44:29.452496');
INSERT INTO django_admin_log (id, object_id, object_repr, action_flag, change_message, content_type_id, user_id, action_time) VALUES (445, '22', '22', 3, '', 12, 1, '2022-11-07 10:44:31.555725');
INSERT INTO django_admin_log (id, object_id, object_repr, action_flag, change_message, content_type_id, user_id, action_time) VALUES (446, '17', '17', 3, '', 12, 1, '2022-11-07 10:44:34.226022');
INSERT INTO django_admin_log (id, object_id, object_repr, action_flag, change_message, content_type_id, user_id, action_time) VALUES (447, '28', '28', 3, '', 12, 1, '2022-11-07 10:44:36.361781');
INSERT INTO django_admin_log (id, object_id, object_repr, action_flag, change_message, content_type_id, user_id, action_time) VALUES (448, '4', '4', 3, '', 13, 1, '2022-11-07 12:45:03.963199');
INSERT INTO django_admin_log (id, object_id, object_repr, action_flag, change_message, content_type_id, user_id, action_time) VALUES (449, '43', '43', 3, '', 12, 1, '2022-11-07 12:45:11.587162');
INSERT INTO django_admin_log (id, object_id, object_repr, action_flag, change_message, content_type_id, user_id, action_time) VALUES (450, '42', '42', 3, '', 12, 1, '2022-11-07 12:45:14.816520');
INSERT INTO django_admin_log (id, object_id, object_repr, action_flag, change_message, content_type_id, user_id, action_time) VALUES (451, '5', '5', 3, '', 13, 1, '2022-11-07 12:54:30.173186');
INSERT INTO django_admin_log (id, object_id, object_repr, action_flag, change_message, content_type_id, user_id, action_time) VALUES (452, '6', '6', 3, '', 13, 1, '2022-11-07 12:55:27.908473');
INSERT INTO django_admin_log (id, object_id, object_repr, action_flag, change_message, content_type_id, user_id, action_time) VALUES (453, '7', '7', 3, '', 13, 1, '2022-11-07 12:58:09.147420');
INSERT INTO django_admin_log (id, object_id, object_repr, action_flag, change_message, content_type_id, user_id, action_time) VALUES (454, '8', '8', 3, '', 13, 1, '2022-11-07 13:00:37.214777');
INSERT INTO django_admin_log (id, object_id, object_repr, action_flag, change_message, content_type_id, user_id, action_time) VALUES (455, '9', '9', 3, '', 13, 1, '2022-11-07 13:01:49.044002');
INSERT INTO django_admin_log (id, object_id, object_repr, action_flag, change_message, content_type_id, user_id, action_time) VALUES (456, '10', '10', 3, '', 13, 1, '2022-11-07 13:12:24.691322');
INSERT INTO django_admin_log (id, object_id, object_repr, action_flag, change_message, content_type_id, user_id, action_time) VALUES (457, '11', '11', 3, '', 13, 1, '2022-11-07 13:13:36.676176');
INSERT INTO django_admin_log (id, object_id, object_repr, action_flag, change_message, content_type_id, user_id, action_time) VALUES (458, '12', '12', 3, '', 13, 1, '2022-11-07 13:14:28.588306');
INSERT INTO django_admin_log (id, object_id, object_repr, action_flag, change_message, content_type_id, user_id, action_time) VALUES (459, '13', '13', 3, '', 13, 1, '2022-11-07 13:21:13.327799');
INSERT INTO django_admin_log (id, object_id, object_repr, action_flag, change_message, content_type_id, user_id, action_time) VALUES (460, '14', '14', 3, '', 13, 1, '2022-11-07 13:23:37.588011');
INSERT INTO django_admin_log (id, object_id, object_repr, action_flag, change_message, content_type_id, user_id, action_time) VALUES (461, '15', '15', 3, '', 13, 1, '2022-11-08 07:12:22.310587');
INSERT INTO django_admin_log (id, object_id, object_repr, action_flag, change_message, content_type_id, user_id, action_time) VALUES (462, '16', '16', 3, '', 13, 1, '2022-11-08 07:19:33.706493');
INSERT INTO django_admin_log (id, object_id, object_repr, action_flag, change_message, content_type_id, user_id, action_time) VALUES (463, '17', '17', 2, '[{"changed": {"fields": ["Eguna", "Ordua", "Bezero dni", "Session id"]}}]', 13, 1, '2022-11-08 07:21:45.735807');
INSERT INTO django_admin_log (id, object_id, object_repr, action_flag, change_message, content_type_id, user_id, action_time) VALUES (464, '17', '17', 3, '', 13, 1, '2022-11-08 07:21:51.923787');
INSERT INTO django_admin_log (id, object_id, object_repr, action_flag, change_message, content_type_id, user_id, action_time) VALUES (465, '18', '18', 1, '[{"added": {}}]', 13, 1, '2022-11-08 07:22:01.845220');

-- Table: django_content_type
DROP TABLE IF EXISTS django_content_type;
CREATE TABLE "django_content_type" ("id" integer NOT NULL PRIMARY KEY AUTOINCREMENT, "app_label" varchar(100) NOT NULL, "model" varchar(100) NOT NULL);
INSERT INTO django_content_type (id, app_label, model) VALUES (1, 'admin', 'logentry');
INSERT INTO django_content_type (id, app_label, model) VALUES (2, 'auth', 'permission');
INSERT INTO django_content_type (id, app_label, model) VALUES (3, 'auth', 'group');
INSERT INTO django_content_type (id, app_label, model) VALUES (4, 'auth', 'user');
INSERT INTO django_content_type (id, app_label, model) VALUES (5, 'contenttypes', 'contenttype');
INSERT INTO django_content_type (id, app_label, model) VALUES (6, 'sessions', 'session');
INSERT INTO django_content_type (id, app_label, model) VALUES (7, 'janaria', 'janariak');
INSERT INTO django_content_type (id, app_label, model) VALUES (8, 'bezeroa', 'bezeroak');
INSERT INTO django_content_type (id, app_label, model) VALUES (9, 'bezeroa', 'erabiltzaileak');
INSERT INTO django_content_type (id, app_label, model) VALUES (10, 'bidalketa', 'txartelak');
INSERT INTO django_content_type (id, app_label, model) VALUES (11, 'bidalketa', 'bidalketak');
INSERT INTO django_content_type (id, app_label, model) VALUES (12, 'erosketa', 'saskiak');
INSERT INTO django_content_type (id, app_label, model) VALUES (13, 'erosketa', 'erosketak');

-- Table: django_migrations
DROP TABLE IF EXISTS django_migrations;
CREATE TABLE "django_migrations" ("id" integer NOT NULL PRIMARY KEY AUTOINCREMENT, "app" varchar(255) NOT NULL, "name" varchar(255) NOT NULL, "applied" datetime NOT NULL);
INSERT INTO django_migrations (id, app, name, applied) VALUES (1, 'bezeroa', '0001_initial', '2022-10-26 06:47:02.538881');
INSERT INTO django_migrations (id, app, name, applied) VALUES (2, 'janaria', '0001_initial', '2022-10-26 06:50:42.701519');
INSERT INTO django_migrations (id, app, name, applied) VALUES (3, 'erosketa', '0001_initial', '2022-10-26 06:50:42.908697');
INSERT INTO django_migrations (id, app, name, applied) VALUES (4, 'bidalketa', '0001_initial', '2022-10-26 06:50:43.049401');
INSERT INTO django_migrations (id, app, name, applied) VALUES (5, 'contenttypes', '0001_initial', '2022-10-26 07:21:28.221989');
INSERT INTO django_migrations (id, app, name, applied) VALUES (6, 'auth', '0001_initial', '2022-10-26 07:21:28.396671');
INSERT INTO django_migrations (id, app, name, applied) VALUES (7, 'admin', '0001_initial', '2022-10-26 07:21:28.579836');
INSERT INTO django_migrations (id, app, name, applied) VALUES (8, 'admin', '0002_logentry_remove_auto_add', '2022-10-26 07:21:28.668117');
INSERT INTO django_migrations (id, app, name, applied) VALUES (9, 'admin', '0003_logentry_add_action_flag_choices', '2022-10-26 07:21:28.751040');
INSERT INTO django_migrations (id, app, name, applied) VALUES (10, 'contenttypes', '0002_remove_content_type_name', '2022-10-26 07:21:28.840606');
INSERT INTO django_migrations (id, app, name, applied) VALUES (11, 'auth', '0002_alter_permission_name_max_length', '2022-10-26 07:21:28.945857');
INSERT INTO django_migrations (id, app, name, applied) VALUES (12, 'auth', '0003_alter_user_email_max_length', '2022-10-26 07:21:29.071587');
INSERT INTO django_migrations (id, app, name, applied) VALUES (13, 'auth', '0004_alter_user_username_opts', '2022-10-26 07:21:29.190077');
INSERT INTO django_migrations (id, app, name, applied) VALUES (14, 'auth', '0005_alter_user_last_login_null', '2022-10-26 07:21:29.279703');
INSERT INTO django_migrations (id, app, name, applied) VALUES (15, 'auth', '0006_require_contenttypes_0002', '2022-10-26 07:21:29.431788');
INSERT INTO django_migrations (id, app, name, applied) VALUES (16, 'auth', '0007_alter_validators_add_error_messages', '2022-10-26 07:21:29.507142');
INSERT INTO django_migrations (id, app, name, applied) VALUES (17, 'auth', '0008_alter_user_username_max_length', '2022-10-26 07:21:29.597356');
INSERT INTO django_migrations (id, app, name, applied) VALUES (18, 'auth', '0009_alter_user_last_name_max_length', '2022-10-26 07:21:29.678135');
INSERT INTO django_migrations (id, app, name, applied) VALUES (19, 'auth', '0010_alter_group_name_max_length', '2022-10-26 07:21:29.781905');
INSERT INTO django_migrations (id, app, name, applied) VALUES (20, 'auth', '0011_update_proxy_permissions', '2022-10-26 07:21:29.877608');
INSERT INTO django_migrations (id, app, name, applied) VALUES (21, 'auth', '0012_alter_user_first_name_max_length', '2022-10-26 07:21:29.995683');
INSERT INTO django_migrations (id, app, name, applied) VALUES (22, 'sessions', '0001_initial', '2022-10-26 07:21:30.263842');
INSERT INTO django_migrations (id, app, name, applied) VALUES (23, 'bezeroa', '0002_remove_erabiltzaileak_bezero_dni_and_more', '2022-10-28 07:15:53.929865');
INSERT INTO django_migrations (id, app, name, applied) VALUES (24, 'bezeroa', '0003_delete_erabiltzaileak', '2022-10-28 07:17:59.545843');
INSERT INTO django_migrations (id, app, name, applied) VALUES (25, 'bezeroa', '0004_alter_bezeroak_posta_kodea_and_more', '2022-10-28 07:33:21.719759');
INSERT INTO django_migrations (id, app, name, applied) VALUES (26, 'bezeroa', '0005_alter_bezeroak_posta_kodea_and_more', '2022-10-28 07:34:25.271560');
INSERT INTO django_migrations (id, app, name, applied) VALUES (27, 'bezeroa', '0006_alter_bezeroak_posta_kodea_and_more', '2022-10-28 07:35:10.732954');
INSERT INTO django_migrations (id, app, name, applied) VALUES (28, 'bezeroa', '0007_alter_bezeroak_telefono_zenbakia', '2022-10-28 07:37:01.503179');
INSERT INTO django_migrations (id, app, name, applied) VALUES (29, 'bezeroa', '0008_alter_bezeroak_telefono_zenbakia', '2022-10-28 07:42:12.965974');
INSERT INTO django_migrations (id, app, name, applied) VALUES (30, 'bezeroa', '0009_alter_bezeroak_telefono_zenbakia', '2022-10-28 07:43:23.019723');
INSERT INTO django_migrations (id, app, name, applied) VALUES (31, 'bezeroa', '0010_alter_bezeroak_posta_kodea_and_more', '2022-10-28 07:46:21.454571');
INSERT INTO django_migrations (id, app, name, applied) VALUES (32, 'bidalketa', '0002_alter_txartelak_cvv', '2022-10-28 08:16:07.717087');
INSERT INTO django_migrations (id, app, name, applied) VALUES (33, 'bidalketa', '0003_alter_txartelak_iraungitze_data', '2022-10-28 08:26:24.184242');
INSERT INTO django_migrations (id, app, name, applied) VALUES (34, 'bidalketa', '0004_alter_txartelak_iraungitze_data', '2022-10-28 08:35:47.086186');
INSERT INTO django_migrations (id, app, name, applied) VALUES (35, 'bidalketa', '0005_remove_txartelak_iraungitze_data', '2022-10-28 08:39:26.665494');
INSERT INTO django_migrations (id, app, name, applied) VALUES (36, 'bidalketa', '0006_txartelak_iraungitze_data', '2022-10-28 08:47:59.132493');
INSERT INTO django_migrations (id, app, name, applied) VALUES (37, 'janaria', '0002_janariak_submota', '2022-10-31 09:47:52.406895');
INSERT INTO django_migrations (id, app, name, applied) VALUES (38, 'bidalketa', '0007_alter_txartelak_iraungitze_data', '2022-11-02 11:45:08.262931');
INSERT INTO django_migrations (id, app, name, applied) VALUES (39, 'janaria', '0003_alter_janariak_osagaiak', '2022-11-02 11:45:08.325356');
INSERT INTO django_migrations (id, app, name, applied) VALUES (40, 'bezeroa', '0011_alter_bezeroak_herria_alter_bezeroak_posta_kodea_and_more', '2022-11-04 08:46:50.082596');
INSERT INTO django_migrations (id, app, name, applied) VALUES (41, 'erosketa', '0002_saskiak_guztira', '2022-11-04 08:46:50.157256');
INSERT INTO django_migrations (id, app, name, applied) VALUES (42, 'erosketa', '0003_remove_erosketak_saskia_id_saskiak_erosketa_id', '2022-11-07 08:08:10.361488');
INSERT INTO django_migrations (id, app, name, applied) VALUES (43, 'bidalketa', '0008_alter_bidalketak_ordua', '2022-11-07 08:20:32.342557');
INSERT INTO django_migrations (id, app, name, applied) VALUES (44, 'erosketa', '0004_alter_erosketak_ordua', '2022-11-07 08:23:14.862649');
INSERT INTO django_migrations (id, app, name, applied) VALUES (45, 'erosketa', '0005_erosketak_session_id', '2022-11-07 12:37:50.885578');
INSERT INTO django_migrations (id, app, name, applied) VALUES (46, 'erosketa', '0006_alter_erosketak_ordaintzeko_guztira', '2022-11-07 12:57:46.287374');
INSERT INTO django_migrations (id, app, name, applied) VALUES (47, 'erosketa', '0007_alter_erosketak_ordaintzeko_guztira', '2022-11-07 13:04:34.446644');

-- Table: django_session
DROP TABLE IF EXISTS django_session;
CREATE TABLE "django_session" ("session_key" varchar(40) NOT NULL PRIMARY KEY, "session_data" text NOT NULL, "expire_date" datetime NOT NULL);
INSERT INTO django_session (session_key, session_data, expire_date) VALUES ('s7gvop2wa3784lyd5py4j4hg5rde9c3u', '.eJxVjDsOwjAQBe_iGll2_Isp6TmDtetd4wBypDipEHeHSCmgfTPzXiLBtta0dV7SROIstDj9bgj5wW0HdId2m2We27pMKHdFHrTL60z8vBzu30GFXr_1iFFB4FDIoxqdM9YpS9kwG4DsdbExoCfLXlkXlYEwRDMQZqtVcSGL9wfg6Teg:1opRY3:V8JGIA0fi0z_-4UQ_h3xHSxHMlZMEL9H3x9UthU8bVc', '2022-11-14 09:57:39.325968');
INSERT INTO django_session (session_key, session_data, expire_date) VALUES ('hfclmygxsxzpj2vkv5y9dzty5ny2chp9', '.eJxVjDsOwjAQBe_iGll2_Isp6TmDtetd4wBypDipEHeHSCmgfTPzXiLBtta0dV7SROIstDj9bgj5wW0HdId2m2We27pMKHdFHrTL60z8vBzu30GFXr_1iFFB4FDIoxqdM9YpS9kwG4DsdbExoCfLXlkXlYEwRDMQZqtVcSGL9wfg6Teg:1opRio:giAf_bWxMRSJKFOFYkjbKRIzPijcTqAlmr5kjeNZe_Y', '2022-11-14 10:08:46.164322');
INSERT INTO django_session (session_key, session_data, expire_date) VALUES ('23peob69sjcytyzd1030v25640ia6p3b', '.eJxVjDsOwjAQBe_iGll2_Isp6TmDtetd4wBypDipEHeHSCmgfTPzXiLBtta0dV7SROIstDj9bgj5wW0HdId2m2We27pMKHdFHrTL60z8vBzu30GFXr_1iFFB4FDIoxqdM9YpS9kwG4DsdbExoCfLXlkXlYEwRDMQZqtVcSGL9wfg6Teg:1oqULl:nWxch3E6Itl6Ecftsex9N-NFIV2jVJElJkbE31Z-7xg', '2022-11-17 07:09:17.620150');
INSERT INTO django_session (session_key, session_data, expire_date) VALUES ('cti9c8r48e4knf6ckr19opmxs1l82092', '.eJxVjDsOwjAQBe_iGll2_Isp6TmDtetd4wBypDipEHeHSCmgfTPzXiLBtta0dV7SROIstDj9bgj5wW0HdId2m2We27pMKHdFHrTL60z8vBzu30GFXr_1iFFB4FDIoxqdM9YpS9kwG4DsdbExoCfLXlkXlYEwRDMQZqtVcSGL9wfg6Teg:1oqrDi:qPt51SnkDcnpE8TuY0VxkY4UqOQHGoVM7en-ZXNputE', '2022-11-18 07:34:30.878465');
INSERT INTO django_session (session_key, session_data, expire_date) VALUES ('h0py8sjy9hxyjiwqnpjmcd1d9ush393a', '.eJxVjDsOwyAQBe9CHSNsFjAp0-cM1rK7xPkIJH-qKHePLblI2jfz5q0GXJdxWGeZhjurs2rV6XdLSE8pO-AHllvVVMsy3ZPeFX3QWV8ry-tyuH-BEedxe_cpGgwSMvtkeucsOANMVsQikm8zxJA8g3gDLhqLoYu240TQmuwCbdFSy17cYgEiRfHcZHLYgA2pibZ3DdsOmWJmQa8-X-OGRbM:1osJ0b:hTgMNJzjB-LSFYcRxKGR52N4pzK_fOfjGExrkqD7GwE', '2022-11-22 07:26:57.844275');

-- Table: erosketa_erosketak
DROP TABLE IF EXISTS erosketa_erosketak;
CREATE TABLE "erosketa_erosketak" ("id" integer NOT NULL PRIMARY KEY AUTOINCREMENT, "eguna" date NULL, "ordua" time NULL, "bezero_dni_id" varchar(9) NULL REFERENCES "bezeroa_bezeroak" ("dni") DEFERRABLE INITIALLY DEFERRED, "session_id" varchar(100) NULL, "ordaintzeko_guztira" decimal NOT NULL);
INSERT INTO erosketa_erosketak (id, eguna, ordua, bezero_dni_id, session_id, ordaintzeko_guztira) VALUES (18, '2022-11-08', '08:21:58', '53983274C', 'fe', 0);
INSERT INTO erosketa_erosketak (id, eguna, ordua, bezero_dni_id, session_id, ordaintzeko_guztira) VALUES (19, NULL, NULL, NULL, '749c9e6d-fc5a-437b-9385-d32adc9fdea6', 15.6);

-- Table: erosketa_saskiak
DROP TABLE IF EXISTS erosketa_saskiak;
CREATE TABLE "erosketa_saskiak" ("id" integer NOT NULL PRIMARY KEY AUTOINCREMENT, "kantitate_kopurua" integer NOT NULL, "janari_id_id" integer NOT NULL REFERENCES "janaria_janariak" ("id") DEFERRABLE INITIALLY DEFERRED, "guztira" decimal NULL, "erosketa_id_id" integer NULL REFERENCES "erosketa_erosketak" ("id") DEFERRABLE INITIALLY DEFERRED);
INSERT INTO erosketa_saskiak (id, kantitate_kopurua, janari_id_id, guztira, erosketa_id_id) VALUES (59, 2, 3, 15.6, 19);

-- Table: janaria_janariak
DROP TABLE IF EXISTS janaria_janariak;
CREATE TABLE "janaria_janariak" ("id" integer NOT NULL PRIMARY KEY AUTOINCREMENT, "izena" varchar(50) NOT NULL, "osagaiak" varchar(100) NOT NULL, "prezioa" varchar(5) NOT NULL, "mota" varchar(50) NOT NULL, "alergenoak" varchar(50) NOT NULL, "argazki_url" varchar(255) NOT NULL, "submota" varchar(50) NULL);
INSERT INTO janaria_janariak (id, izena, osagaiak, prezioa, mota, alergenoak, argazki_url, submota) VALUES (1, 'Taco al pastor', 'Arto-tortilla, txerri-okelaz betea, espezia eta xil lehorrez ondua', '7.8', 'Mexikarra', 'Espeziak', 'https://media.istockphoto.com/photos/street-tacos-platter-picture-id1324330234?b=1&k=20&m=1324330234&s=170667a&w=0&h=68Sa8huZtRUGOgICkaG4MBxmyLbYSNQwDuyoDn92SGw=', 'Takoak');
INSERT INTO janaria_janariak (id, izena, osagaiak, prezioa, mota, alergenoak, argazki_url, submota) VALUES (2, 'Taco de canasta', 'Patata, frijola, adoboa eta txitxarroia.', '7.8', 'Mexikarra', 'Ez', 'https://media.istockphoto.com/photos/soft-beef-tacos-with-fries-picture-id614313140?b=1&k=20&m=614313140&s=170667a&w=0&h=3EMDDEOtT5LLUImoaqX9imjIaiNpecSGlhTpW0rBCHE=', 'Takoak');
INSERT INTO janaria_janariak (id, izena, osagaiak, prezioa, mota, alergenoak, argazki_url, submota) VALUES (3, 'Tacos dorados', 'Urrezko takoak Mexikoko arto-tortilla takoaren bariazio bat dira. Tortilla leunaren ordez, hura fri', '7.8', 'Mexikarra', 'Ez', 'https://media.istockphoto.com/photos/baked-taquitos-with-chicken-and-cheese-closeup-horizontal-picture-id1040504922?b=1&k=20&m=1040504922&s=170667a&w=0&h=u-_gIO0QtdqM-7TvqtDGFol3TNoLIj4QETODeDpz3yE=', 'Takoak');
INSERT INTO janaria_janariak (id, izena, osagaiak, prezioa, mota, alergenoak, argazki_url, submota) VALUES (4, 'Tacos de barbacoa', 'Arto-tortilla, haragia, espezia eta tipula.', '8.5', 'Mexikarra', 'Espeziak', 'https://media.istockphoto.com/photos/barbecue-taco-picture-id1269723824?b=1&k=20&m=1269723824&s=170667a&w=0&h=BvbdGGgEYiRBmpNo4FuVFRDYZU7h7fb-SpHYv_KSsMY=', 'Takoak');
INSERT INTO janaria_janariak (id, izena, osagaiak, prezioa, mota, alergenoak, argazki_url, submota) VALUES (5, 'Tacos de carnitas', 'Arto-tortilla, muinak, belarria, katxetea, tronpa, buztana, saihets-hezurra, bihotza, gibela, txamo', '8.5', 'Mexikarra', 'Ez', 'https://media.istockphoto.com/photos/mexican-tacos-flat-lay-composition-with-pork-carnitas-cochinita-pibil-picture-id1341928579?k=20&m=1341928579&s=612x612&w=0&h=s3Aruqs2BiyrPlOxA8I3Vcborr2Zupabnkw3AaSrKJQ=', 'Takoak');
INSERT INTO janaria_janariak (id, izena, osagaiak, prezioa, mota, alergenoak, argazki_url, submota) VALUES (6, 'Tacos de guisado', 'Arto-tortilla, arroz gorria, frijole erreak, gisatu desberdinak (txitxarrona, molea, tinga)', '8.5', 'Mexikarra', 'Ez', 'https://media.istockphoto.com/photos/traditional-mexican-birria-consome-soup-and-four-taco-with-stewed-picture-id1366973820?b=1&k=20&m=1366973820&s=170667a&w=0&h=Z4kI2t7d9GC5cciYQIRV0BNnIGAirQYl5t0RhOaYqVs=', 'Takoak');
INSERT INTO janaria_janariak (id, izena, osagaiak, prezioa, mota, alergenoak, argazki_url, submota) VALUES (8, 'Tacos de carne asada', 'Arto-tortilla, frijole erreak, haragi arratxero marinatua eta tipula edo zilantroa', '7.8', 'Mexikarra', 'Ez', 'https://images.unsplash.com/photo-1619221882161-95135fca04e4?ixlib=rb-4.0.3&ixid=MnwxMjA3fDB8MHxzZWFyY2h8Mnx8dGFjb3MlMjBkZSUyMGNhcm5lJTIwYXNhZGF8ZW58MHx8MHx8&auto=format&fit=crop&w=500&q=60', 'Takoak');
INSERT INTO janaria_janariak (id, izena, osagaiak, prezioa, mota, alergenoak, argazki_url, submota) VALUES (9, 'Tacos de suadero', 'Arto-tortilla, suadero xehatuz betea.', '7.8', 'Mexikarra', 'Ez', 'https://media.istockphoto.com/photos/three-carne-asada-mexican-street-tacos-in-corn-tortilla-with-lime-picture-id1272532786?k=20&m=1272532786&s=612x612&w=0&h=b5KxpR9cp5j4sOqUMkKEYl8JarSpX4y023JabHdto2M=', 'Takoak');
INSERT INTO janaria_janariak (id, izena, osagaiak, prezioa, mota, alergenoak, argazki_url, submota) VALUES (11, 'Enchiladas de mole', 'Mole poblano batean busti, oilaskoz bete eta gazta zaharrez eta tipula-xerrez osatutako tortillak.', '6.5', 'Mexikarra', 'Ez', 'https://media.istockphoto.com/photos/envueltos-de-mole-poblano-or-enchiladas-with-chicken-traditional-in-picture-id1332241057?b=1&k=20&m=1332241057&s=170667a&w=0&h=-yfATBhRQaJWCz1WX6SqGH5d-8G39VwS1IM0Mkj4CKU=', 'Entxiladak');
INSERT INTO janaria_janariak (id, izena, osagaiak, prezioa, mota, alergenoak, argazki_url, submota) VALUES (12, 'Enchiladas rojas', 'Arto-tortilla frijitu samarrak, biribilkatuak edo tolestuak, oilaskoz eta piperrez beteak.', '6.5', 'Mexikarra', 'Ez', 'https://media.istockphoto.com/photos/enchiladas-picture-id479537399?b=1&k=20&m=479537399&s=170667a&w=0&h=HyUPxRUfDy1jHL00g_2YeHq6n7PLHoSh3HUjn6deKSo=', 'Entxiladak');
INSERT INTO janaria_janariak (id, izena, osagaiak, prezioa, mota, alergenoak, argazki_url, submota) VALUES (14, 'Enchiladas verdes', 'Arto-tortilla frijitu samarrak, biribilkatuak edo tolestuak, oilaskoz eta piper berdez beteak.', '6.5', 'Mexikarra', 'Ez', 'https://media.istockphoto.com/photos/homemade-chicken-enchiladas-picture-id907318074?b=1&k=20&m=907318074&s=170667a&w=0&h=IQrPO9Ftkix9jvuGY-E6-DYGfKN-QiDjsmFrShAkL2o=', 'Entxiladak');
INSERT INTO janaria_janariak (id, izena, osagaiak, prezioa, mota, alergenoak, argazki_url, submota) VALUES (15, 'Enchiladas suizas', 'Suitzako entxiladak berdeen barietate bat dira, euren saltsa kremarekin prestatzen da.', '7', 'Mexikarra', 'Ez', 'https://media.istockphoto.com/photos/entomadas-or-beef-enchiladas-picture-id469868659?b=1&k=20&m=469868659&s=170667a&w=0&h=autcd5oj4Lf49Esa_bOJOeOnoUhc4jBDYLjmGmFYCQk=', 'Entxiladak');
INSERT INTO janaria_janariak (id, izena, osagaiak, prezioa, mota, alergenoak, argazki_url, submota) VALUES (16, 'Enchiladas mineras', 'Txile guajilozko saltsa batetik pasatako arto-tortillak, txerri-gantzetan frijitzen dira.', '7', 'Mexikarra', 'Ez', 'https://media.istockphoto.com/photos/chicken-enchiladas-in-salsa-verde-picture-id465523885?b=1&k=20&m=465523885&s=170667a&w=0&h=sG6wfALO5UgmmhChcgPh750WK5JSpKDcdnSu2Z22Zl0=', 'Entxiladak');
INSERT INTO janaria_janariak (id, izena, osagaiak, prezioa, mota, alergenoak, argazki_url, submota) VALUES (17, 'Enchiladas de potosinas', 'Txile zabalez edo gorriz koloreztatutako masaz egindako tortillak, gordinik gazta freskoarekin.', '7', 'Mexikarra', 'Ez', 'https://media.istockphoto.com/photos/mexican-red-enchiladas-with-potato-and-pork-chorizo-also-called-on-picture-id1202339715?b=1&k=20&m=1202339715&s=170667a&w=0&h=yOn0tojRU1f00Jl623x1Hpj2SWpMY7nVGyOf45JX9dc=', 'Entxiladak');
INSERT INTO janaria_janariak (id, izena, osagaiak, prezioa, mota, alergenoak, argazki_url, submota) VALUES (18, 'Nachos con maiz', 'Natxoak gaztarekin, haragi xehatuarekin eta jalapeñoekin.', '8', 'Mexikarra', 'Ez', 'https://media.istockphoto.com/photos/baked-frito-pie-with-black-olives-tomatoes-green-onions-jalapenos-picture-id1212029991?b=1&k=20&m=1212029991&s=170667a&w=0&h=Wbyy1Li0zY9DKqbQEB-tmYC7r8epamKOQMmCSQAmogw=', 'Natxoak');
INSERT INTO janaria_janariak (id, izena, osagaiak, prezioa, mota, alergenoak, argazki_url, submota) VALUES (19, 'Nachos 3 salsas', 'Natxoak gaztarekin (cheddar, edam eta feta), haragi xehatuarekin eta piper zatituekin.', '8.5', 'Mexikarra', 'Ez', 'https://media.istockphoto.com/photos/mexican-food-with-spicy-chicken-red-pepper-and-chips-picture-id1291167680?b=1&k=20&m=1291167680&s=170667a&w=0&h=z0keHutVvZcgd96UMASun3TNTDhXwHO10UqdISbDOnk=', 'Natxoak');
INSERT INTO janaria_janariak (id, izena, osagaiak, prezioa, mota, alergenoak, argazki_url, submota) VALUES (20, 'Nachos costillar', 'Natxoak gaztarekin, haragi xehatuarekin, piper zatituekin, tipula xehatuarekin eta saihets-haragia.', '10', 'Mexikarra', 'Ez', 'https://media.istockphoto.com/photos/nachos-with-minced-meat-hot-salsa-and-guacamole-picture-id1334676201?b=1&k=20&m=1334676201&s=170667a&w=0&h=OWPL6t9V9QrEzenzd8vBOi0cpFQhUKJzAznT3F8uPX0=', 'Natxoak');
INSERT INTO janaria_janariak (id, izena, osagaiak, prezioa, mota, alergenoak, argazki_url, submota) VALUES (22, 'Tamales con salsa verde', 'Tamales eta piper berdeak.', '6', 'Mexikarra', 'Ez', 'https://media.istockphoto.com/photos/combination-plate-with-a-tamale-and-taco-picture-id1413354623?b=1&k=20&m=1413354623&s=170667a&w=0&h=3bwrtyILHur25tmpbuHmwMFbMUuixISZ6RjZxQtkrrU=', 'Tamalak');
INSERT INTO janaria_janariak (id, izena, osagaiak, prezioa, mota, alergenoak, argazki_url, submota) VALUES (23, 'Tamales con salsa roja', 'Tamales eta piper gorria.', '6', 'Mexikarra', 'Ez', 'https://media.istockphoto.com/photos/mexican-tamales-picture-id467212413?b=1&k=20&m=467212413&s=170667a&w=0&h=q9hz_WorCVvL6aj0dv_kYFjJSmGLC9VyRYMTVIst-_c=', 'Tamalak');
INSERT INTO janaria_janariak (id, izena, osagaiak, prezioa, mota, alergenoak, argazki_url, submota) VALUES (24, 'Tamales de oaxaqueños', 'Tamalak, tipula, xilak eta txerri-gantza.', '6', 'Mexikarra', 'Ez', 'https://media.istockphoto.com/photos/tamale-picture-id182498075?b=1&k=20&m=182498075&s=170667a&w=0&h=nZWHDdny-PEvj4rtJ3rPc2oN9AMYtrNZrgb71xhkV1M=', 'Tamalak');
INSERT INTO janaria_janariak (id, izena, osagaiak, prezioa, mota, alergenoak, argazki_url, submota) VALUES (25, 'Tamales de chaya', 'Tamalak, tipula, xilak, txerri-gantza eta 4 platano-hosto.', '6', 'Mexikarra', 'Ez', 'https://media.istockphoto.com/photos/tamales-picture-id174870058?k=20&m=174870058&s=612x612&w=0&h=FbbXsApCkNVeVqagA56Tfkfbj8YDaESXWkdn62u4e3U=', 'Tamalak');
INSERT INTO janaria_janariak (id, izena, osagaiak, prezioa, mota, alergenoak, argazki_url, submota) VALUES (26, 'Tamales dulces', 'Tamalak, gurina, azukrea, arto-irina eta mahaspasak.', '6.5', 'Mexikarra', 'Ez', 'https://media.istockphoto.com/photos/mexican-sweet-tamales-with-strawberry-jam-on-wooden-background-picture-id1215800121?k=20&m=1215800121&s=612x612&w=0&h=6Fc1I37d0QG7cA4OGwPxnYhyl6sUJjRauAgJy2CB1hw=', 'Tamalak');
INSERT INTO janaria_janariak (id, izena, osagaiak, prezioa, mota, alergenoak, argazki_url, submota) VALUES (27, 'Tamales canarios', 'Tamalak, gurina, azukrea, arto-irina eta mahaspasak.', '6.5', 'Mexikarra', 'Ez', 'https://media.istockphoto.com/photos/tasting-a-chicken-tamale-picture-id175197167?k=20&m=175197167&s=612x612&w=0&h=-8E2Dng3lAYM3mbRhZHBjurc8iOaGO8Xp07UpTCkh48=', 'Tamalak');
INSERT INTO janaria_janariak (id, izena, osagaiak, prezioa, mota, alergenoak, argazki_url, submota) VALUES (29, 'Chilaquiles verdes', 'Txilak, tomateak, baratxuria eta oilasko-haragia.', '12', 'Mexikarra', 'Ez', 'https://media.istockphoto.com/photos/mexican-food-green-chilaquiles-picture-id1218848292?b=1&k=20&m=1218848292&s=170667a&w=0&h=HiuHEvCjNbAdErd0agLB0R7p3Zdc_mkAdy39yXlN39g=', 'Txilakilak');
INSERT INTO janaria_janariak (id, izena, osagaiak, prezioa, mota, alergenoak, argazki_url, submota) VALUES (31, 'Chilaquiles rojos', 'Txilak, tomateak, baratxuria eta oilasko-haragia.', '12', 'Mexikarra', 'Ez', 'https://media.istockphoto.com/photos/chilaquiles-with-chicken-picture-id599275212?b=1&k=20&m=599275212&s=170667a&w=0&h=7L6JciZGWxb98C_6ZbzERINI6Uw0Wc0o4k-weSvB5L8=', 'Txilakilak');
INSERT INTO janaria_janariak (id, izena, osagaiak, prezioa, mota, alergenoak, argazki_url, submota) VALUES (32, 'Chilaquiles con camarones', 'Izkirak, txilea eta piperrak, tipularekin lagunduta.', '15', 'Mexikarra', 'Ez', 'https://media.istockphoto.com/photos/homemade-mexican-green-chilaquiles-picture-id1356691604?b=1&k=20&m=1356691604&s=170667a&w=0&h=4NFb8P_1oXKew6t20gqwsiqaneWhsajn53ofjl9YGBE=', 'Txilakilak');
INSERT INTO janaria_janariak (id, izena, osagaiak, prezioa, mota, alergenoak, argazki_url, submota) VALUES (33, 'Chilaquiles de flor de jamaica', 'Jamaikako lorea, txilea eta piperrak, tipularekin lagunduta.', '15', 'Mexikarra', 'Ez', 'https://media.istockphoto.com/photos/top-view-of-mexican-food-green-chilaquiles-with-avocado-picture-id1325949112?b=1&k=20&m=1325949112&s=170667a&w=0&h=NTW3x8xBxgxvQ0BESrDwaSOp1Gfmc1t5vNk_sQZchfQ=', 'Txilakilak');
INSERT INTO janaria_janariak (id, izena, osagaiak, prezioa, mota, alergenoak, argazki_url, submota) VALUES (34, 'Chilaquiles veganos', 'Txile, piperrak, soja saltsa eta ahuakatea, tipularekin batera.', '12', 'Mexikarra', 'Ez', 'https://media.istockphoto.com/photos/mexican-gourmet-chilaquiles-picture-id889836292?b=1&k=20&m=889836292&s=170667a&w=0&h=MlXG7LFwAAXRXVBlu21jlkYKsmlokJmCPenkFJsN2Iw=', 'Txilakilak');
INSERT INTO janaria_janariak (id, izena, osagaiak, prezioa, mota, alergenoak, argazki_url, submota) VALUES (35, 'Bocadillo de calamares', 'Txibia', '5', 'Bokata', 'Ez', 'https://media.istockphoto.com/photos/fried-calamari-po-boy-sub-with-tzatziki-sauce-picture-id1057569522?b=1&k=20&m=1057569522&s=170667a&w=0&h=eyA7vBudZh85-GrcQAY9PSJWxaLDHXVEhPtuhN5Nz-Q=', 'Ogitarteko klasikoak');
INSERT INTO janaria_janariak (id, izena, osagaiak, prezioa, mota, alergenoak, argazki_url, submota) VALUES (36, 'Bocadillo de ternera con salteado', 'Txahala, piperra, tipula eta mozzarela.', '6', 'Bokata', 'Ez', 'https://media.istockphoto.com/photos/pulled-pork-burger-picture-id672603226?k=20&m=672603226&s=612x612&w=0&h=5cgxmannlF6rV9E0h92i1ic1EGoBtSWOPMuJA_mxZ1U=', 'Gourmet ogitartekoak');
INSERT INTO janaria_janariak (id, izena, osagaiak, prezioa, mota, alergenoak, argazki_url, submota) VALUES (37, 'Bocadillo de tinga de pollo al chile chipotle', 'Tinga, txile eta espezieak.', '6', 'Bokata', 'Espeziak', 'https://images.unsplash.com/photo-1485451456034-3f9391c6f769?ixlib=rb-4.0.3&ixid=MnwxMjA3fDB8MHxzZWFyY2h8NXx8Ym9jYWRpbGxvJTIwZGUlMjB0aW5nYXxlbnwwfHwwfHw%3D&auto=format&fit=crop&w=500&q=60', 'Gourmet ogitartekoak');
INSERT INTO janaria_janariak (id, izena, osagaiak, prezioa, mota, alergenoak, argazki_url, submota) VALUES (38, 'Bocadillo jamon cocido con membrillo, pera y queso', 'Urdaiazpiko egosiaren ogitartekoa irasagar gozoarekin, udarearekin eta Gruyere gaztarekin.', '5', 'Bokata', 'Ez', 'https://media.istockphoto.com/photos/sandwich-with-smoked-ham-and-fresh-lettuce-picture-id1332340518?b=1&k=20&m=1332340518&s=170667a&w=0&h=eP9aY-3I8NI6XWNnz0vn20z_7XvnBBwavw-sTYOqSVY=', 'Gourmet ogitartekoak');
INSERT INTO janaria_janariak (id, izena, osagaiak, prezioa, mota, alergenoak, argazki_url, submota) VALUES (39, 'Bocadillo de pulled pork con aguacate', 'Pulled pork kominoarekin, piperrauts gozoa, kanela eta baratxuri hautsa.', '5', 'Bokata', 'Ez', 'https://media.istockphoto.com/photos/grilled-rye-sandwiches-with-cheese-spinach-pesto-avocado-and-goat-picture-id477311992?b=1&k=20&m=477311992&s=170667a&w=0&h=BRU84jE-2NnQC2jwIFm6R5wrmV8INCx1RBMFLCek5sw=', 'Gourmet ogitartekoak');
INSERT INTO janaria_janariak (id, izena, osagaiak, prezioa, mota, alergenoak, argazki_url, submota) VALUES (40, 'Bocadillo de tomatitos marinados con anchoas', 'Tomatetxoak, antxoak eta gazta errikota.', '6.5', 'Bokata', 'Antxoak', 'https://media.istockphoto.com/photos/toasted-panini-with-ham-cheese-and-arugula-sandwich-on-cutting-board-picture-id1135282608?b=1&k=20&m=1135282608&s=170667a&w=0&h=CMXjdBbsLuN5RFv2SYFDl0ZC5vYNxCo9QNYT1uxUvr0=', 'Gourmet ogitartekoak');
INSERT INTO janaria_janariak (id, izena, osagaiak, prezioa, mota, alergenoak, argazki_url, submota) VALUES (41, 'Bocadillo serranito', 'Urdaiazpiko serranoa gosoa.', '6', 'Bokata', 'Ez', 'https://media.istockphoto.com/photos/jabugo-spanish-ham-picture-id938678162?b=1&k=20&m=938678162&s=170667a&w=0&h=LGt70WUVFFveNl-Ynd5eMeiwnKlTg8c2pstW1FbfN0A=', 'Ogitarteko klasikoak');
INSERT INTO janaria_janariak (id, izena, osagaiak, prezioa, mota, alergenoak, argazki_url, submota) VALUES (42, 'Bocadillo de pollo con chimichurri', 'Oilaskoa chimichurriarekin.', '6', 'Bokata', 'Ez', 'https://media.istockphoto.com/photos/sandwich-picture-id535466213?b=1&k=20&m=535466213&s=170667a&w=0&h=ld7IoRmW9kTmujkodDLckIXXXrQ7eg0uzZDuXhtTXLg=', 'Gourmet ogitartekoak');
INSERT INTO janaria_janariak (id, izena, osagaiak, prezioa, mota, alergenoak, argazki_url, submota) VALUES (43, 'Bocadillo de pollo con aguacate, queso y canonigos', 'Oilasko espeziatua ahuakatearekin, gazta-kremarekin eta kanonigoekin.', '6.5', 'Bokata', 'Ez', 'https://media.istockphoto.com/photos/breakfast-sandwich-picture-id486848138?k=20&m=486848138&s=612x612&w=0&h=8hDFP_-PZ18dh9q6Ys0fdrCTdP0eCFZfNYUdURWzcoA=', 'Gourmet ogitartekoak');
INSERT INTO janaria_janariak (id, izena, osagaiak, prezioa, mota, alergenoak, argazki_url, submota) VALUES (44, 'Bocadillo de secreto con queso y cebolla', 'Iberiar sekretua, krema gazta eta karamelatutako tipula.', '6.5', 'Bokata', 'Ez', 'https://media.istockphoto.com/photos/steak-and-cheese-sub-picture-id452022555?b=1&k=20&m=452022555&s=170667a&w=0&h=1eEuyMqAO7dXhlYNPUkgUqybZAUy49AZdCkOKS4cBEQ=', 'Gourmet ogitartekoak');
INSERT INTO janaria_janariak (id, izena, osagaiak, prezioa, mota, alergenoak, argazki_url, submota) VALUES (45, 'Bocadillo bacon, queso y pimientos', 'Bacon, gazta eta piperrak.', '5.5', 'Bokata', 'Ez', 'https://media.istockphoto.com/photos/-picture-id1282700645?k=20&m=1282700645&s=612x612&w=0&h=zpNmGsn3MgA8P4oGVtVtvRKOiet3Aq8fThvKkTMDohs=', 'Ogitarteko klasikoak');
INSERT INTO janaria_janariak (id, izena, osagaiak, prezioa, mota, alergenoak, argazki_url, submota) VALUES (46, 'Bocadillo lomo, queso y pimientos', 'Solomoa, gazta eta piperrak.', '5.5', 'Bokata', 'Ez', 'https://media.istockphoto.com/photos/pork-sandwich-picture-id514638440?b=1&k=20&m=514638440&s=170667a&w=0&h=HToqH2jdTuc2_v0m8QekXVUcL6PnvRaeMJ824sHqYN4=', 'Ogitarteko klasikoak');
INSERT INTO janaria_janariak (id, izena, osagaiak, prezioa, mota, alergenoak, argazki_url, submota) VALUES (47, 'Bocadillo de tortilla con alioli', 'Tortilla eta aliolia.', '5', 'Bokata', 'Ez', 'https://media.istockphoto.com/photos/spanish-omelette-sandwich-picture-id1130966177?b=1&k=20&m=1130966177&s=170667a&w=0&h=iKICig9kFgy4-n8mC6tzf8HJg01tFH815_ywPbaP6Vk=', 'Ogitarteko klasikoak');
INSERT INTO janaria_janariak (id, izena, osagaiak, prezioa, mota, alergenoak, argazki_url, submota) VALUES (48, 'Bocadillo de pechuga, queso y pimientos', 'Paparra, gazta eta piperrak.', '5.5', 'Bokata', 'Ez', 'https://media.istockphoto.com/photos/chicken-breast-burger-picture-id143920750?b=1&k=20&m=143920750&s=170667a&w=0&h=jg0uAWJ8QlPr5h3Wl7klJA-vhpH3tYK3vUobjHIk-hQ=', 'Ogitarteko klasikoak');
INSERT INTO janaria_janariak (id, izena, osagaiak, prezioa, mota, alergenoak, argazki_url, submota) VALUES (49, 'Hamburguesa de vacuno con jamon, queso y cebolla', 'Behi-haragia, urdaiazpikoa, gazta eta karamelatutako tipula.', '6', 'Hanburgesa', 'Ez', 'https://live.staticflickr.com/7598/16843673155_67c8db7df8_n.jpg', 'Hanburgesa potenteak');
INSERT INTO janaria_janariak (id, izena, osagaiak, prezioa, mota, alergenoak, argazki_url, submota) VALUES (50, 'Hamburguesa de queso', 'Behi-haragia, zenbait gazta eta karamelatutako tipula.', '6', 'Hanburgesa', 'Ez', 'https://live.staticflickr.com/4752/25397363087_d9fdde66b8_n.jpg', 'Hanburgesa potenteak');
INSERT INTO janaria_janariak (id, izena, osagaiak, prezioa, mota, alergenoak, argazki_url, submota) VALUES (51, 'Hamburguesa de ternera, queso y canonigos', 'Txahala, gazta eta bacon.', '6', 'Hanburgesa', 'Ez', 'https://live.staticflickr.com/894/41605334914_26b79e6010_n.jpg', 'Hanburgesa potenteak');
INSERT INTO janaria_janariak (id, izena, osagaiak, prezioa, mota, alergenoak, argazki_url, submota) VALUES (52, 'Hamburguesa vegetariana', 'Lekaleak, tofua, seitana, zerealak eta barazkiak.', '6', 'Hanburgesa', 'Ez', 'https://images.unsplash.com/photo-1468218298580-9872fec35d8b?ixlib=rb-4.0.3&ixid=MnwxMjA3fDB8MHxzZWFyY2h8NHx8aGFtYnVyZ3Vlc2ElMjB2ZWdldGFyaWFuYXxlbnwwfHwwfHw%3D&auto=format&fit=crop&w=500&q=60', 'Hanburgesa begetarianoak');
INSERT INTO janaria_janariak (id, izena, osagaiak, prezioa, mota, alergenoak, argazki_url, submota) VALUES (53, 'Hamburguesa berezia', 'Sorpresa', '6.5', 'Hanburgesa', 'Ez', 'https://live.staticflickr.com/5627/21941718276_f57c6367e7_n.jpg', 'Hanburgesa potenteak');
INSERT INTO janaria_janariak (id, izena, osagaiak, prezioa, mota, alergenoak, argazki_url, submota) VALUES (55, 'Hamburguesa osoa', 'Behi-haragia, gazta, tomate, anana  eta olibak', '7', 'Hanburgesa', 'Ez', 'https://live.staticflickr.com/5596/30563697634_fdd268992a_w.jpg', 'Gourmet hanburgesak');
INSERT INTO janaria_janariak (id, izena, osagaiak, prezioa, mota, alergenoak, argazki_url, submota) VALUES (56, 'Hamburguesa vegetariana con guacamole y jalapeños', 'Hanburgesa begetarianoa guakamole eta jalapeñoekin.', '6', 'Hanburgesa', 'Jalapeñoak', 'https://images.unsplash.com/photo-1456418047667-56bcd35b1a88?ixlib=rb-4.0.3&ixid=MnwxMjA3fDB8MHxzZWFyY2h8Mnx8aGFtYnVyZ3Vlc2ElMjB2ZWdldGFyaWFuYXxlbnwwfHwwfHw%3D&auto=format&fit=crop&w=500&q=60', 'Hanburgesa begetarianoak');
INSERT INTO janaria_janariak (id, izena, osagaiak, prezioa, mota, alergenoak, argazki_url, submota) VALUES (57, 'Hamburguesa de melocoton caramelizado y mozzarela', 'Behi-haragia melokotonarekin eta mozzarelarekin.', '7', 'Hanburgesa', 'Ez', 'https://live.staticflickr.com/4480/37624069290_48e5cc0cdc_n.jpg', 'Gourmet hanburgesak');
INSERT INTO janaria_janariak (id, izena, osagaiak, prezioa, mota, alergenoak, argazki_url, submota) VALUES (58, 'Hamburguesa con queso azul y cebolla caramelizada', 'Behi-haragia gazta urdinarekin eta tipula karamelizatuarekin.', '6.5', 'Hanburgesa', 'Ez', 'https://live.staticflickr.com/611/31705037394_f9fc283450_n.jpg', 'Gourmet hanburgesak');
INSERT INTO janaria_janariak (id, izena, osagaiak, prezioa, mota, alergenoak, argazki_url, submota) VALUES (59, 'Hamburguesa vegana', 'Hanburgesa beganoa, ekilore-pipak eta barazkiak, tahini saltsarekin.', '6.5', 'Hanburgesa', 'Ez', 'https://images.unsplash.com/photo-1520072959219-c595dc870360?ixlib=rb-4.0.3&ixid=MnwxMjA3fDB8MHxzZWFyY2h8M3x8aGFtYnVyZ3Vlc2ElMjB2ZWdhbmF8ZW58MHx8MHx8&auto=format&fit=crop&w=500&q=60', 'Hanburgesa begetarianoak');
INSERT INTO janaria_janariak (id, izena, osagaiak, prezioa, mota, alergenoak, argazki_url, submota) VALUES (60, 'Hamburguesa de salmon y jenjibre', 'Salmon eta jenjibreko hanburgesa.', '6.5', 'Hanburgesa', 'Jenjibre', 'https://live.staticflickr.com/7528/16012072741_b2b3d409c4_w.jpg', 'Gourmet hanburgesak');
INSERT INTO janaria_janariak (id, izena, osagaiak, prezioa, mota, alergenoak, argazki_url, submota) VALUES (61, 'Hamburguesa doble con aros de cebolla', 'Haragizko hanburgesa bikoitza, tipula-uztaiekin.', '7.5', 'Hanburgesa', 'Ez', 'https://live.staticflickr.com/4327/35829107291_1eca02e8cb_w.jpg', 'Hanburgesa potenteak');
INSERT INTO janaria_janariak (id, izena, osagaiak, prezioa, mota, alergenoak, argazki_url, submota) VALUES (62, 'Hamburgesa cebollera', 'Behi-haragia, gazta eta vkaramelatutako tipula.', '6.5', 'Hanburgesa', 'Ez', 'https://cdn.pixabay.com/photo/2015/09/22/15/42/burger-951896__340.jpg', 'Gourmet hanburgesak');
INSERT INTO janaria_janariak (id, izena, osagaiak, prezioa, mota, alergenoak, argazki_url, submota) VALUES (67, 'Coca-Cola', '', '2.5', 'Edariak', 'Ez', 'https://cdn.pixabay.com/photo/2015/01/08/04/18/box-592367__340.jpg', 'Freskagarriak');
INSERT INTO janaria_janariak (id, izena, osagaiak, prezioa, mota, alergenoak, argazki_url, submota) VALUES (68, 'Pepsi', '', '2.85', 'Edariak', 'Ez', 'https://cdn.pixabay.com/photo/2020/05/10/05/14/pepsi-5152332__340.jpg', 'Freskagarriak');
INSERT INTO janaria_janariak (id, izena, osagaiak, prezioa, mota, alergenoak, argazki_url, submota) VALUES (80, 'Fanta naranja', '', '2.5', 'Edariak', 'Ez', 'https://cdn.pixabay.com/photo/2013/03/01/18/48/aluminum-87987__340.jpg', 'Freskagarriak');
INSERT INTO janaria_janariak (id, izena, osagaiak, prezioa, mota, alergenoak, argazki_url, submota) VALUES (83, 'Ur txikia 200ml', '', '1.99', 'Edariak', 'Ez', 'https://media.istockphoto.com/photos/bottled-water-in-a-refrigerator-picture-id530627629?k=20&m=530627629&s=612x612&w=0&h=7l5ttJwzvDMEb_P9oeP2dnJi0z4ZYCU8l-rd2taLgsI=', 'Ura');
INSERT INTO janaria_janariak (id, izena, osagaiak, prezioa, mota, alergenoak, argazki_url, submota) VALUES (84, 'Ur ertaina 500ml', '', '2.99', 'Edariak', 'Ez', 'https://media.istockphoto.com/photos/bottled-water-on-a-white-background-picture-id458654367?k=20&m=458654367&s=612x612&w=0&h=CnCGAIjWeNQi93BvYneolY3AhvAJsiNoQszclqt348k=', 'Ura');
INSERT INTO janaria_janariak (id, izena, osagaiak, prezioa, mota, alergenoak, argazki_url, submota) VALUES (85, 'Ur handia 1L', '', '3.99', 'Edariak', 'Ez', 'https://media.istockphoto.com/photos/group-of-plastic-drink-water-bottles-picture-id623194392?b=1&k=20&m=623194392&s=170667a&w=0&h=PFaK3jopAdFsKJkTrnEz0mldDpFy8T_OqV-WSCB-Jso=', 'Ura');
INSERT INTO janaria_janariak (id, izena, osagaiak, prezioa, mota, alergenoak, argazki_url, submota) VALUES (88, 'Heineken', '', '1.25', 'Edariak', 'Ez', 'https://cdn.pixabay.com/photo/2019/09/03/18/57/photography-4450049__340.jpg', 'Alkoholdun edariak');
INSERT INTO janaria_janariak (id, izena, osagaiak, prezioa, mota, alergenoak, argazki_url, submota) VALUES (89, 'Amstel', '', '1.55', 'Edariak', 'Ez', 'https://cdn.pixabay.com/photo/2021/02/02/03/31/bottles-5972589__340.jpg', 'Alkoholdun edariak');
INSERT INTO janaria_janariak (id, izena, osagaiak, prezioa, mota, alergenoak, argazki_url, submota) VALUES (90, 'Budweiser', '', '1.99', 'Edariak', 'Ez', 'https://media.istockphoto.com/photos/six-pack-of-budweiser-beer-12-oz-bottles-picture-id458105969?k=20&m=458105969&s=612x612&w=0&h=rlz5otXr77RNL5dJS5NIlnXDfPmhurzFV8U4V6qMtik=', 'Alkoholdun edariak');
INSERT INTO janaria_janariak (id, izena, osagaiak, prezioa, mota, alergenoak, argazki_url, submota) VALUES (91, 'Barolo', '', '9.25', 'Edariak', 'Ez', 'https://media.istockphoto.com/photos/barolo-wine-bottle-in-a-diner-place-setting-picture-id459009017?k=20&m=459009017&s=612x612&w=0&h=m47_CkSWUHp_8krInyEmerJfggkLgHVjUVu8gie9nk4=', 'Alkoholdun edariak');
INSERT INTO janaria_janariak (id, izena, osagaiak, prezioa, mota, alergenoak, argazki_url, submota) VALUES (92, 'Grands Vins De Bourgogne', '', '25.25', 'Edariak', 'Ez', 'https://media.istockphoto.com/photos/label-of-a-wine-bottle-le-montrachet-picture-id157731396?k=20&m=157731396&s=612x612&w=0&h=IMVXwbrtO7RoJzi6Is-8YKvLtjt5xJnmoKo6r9UvQcM=', 'Alkoholdun edariak');
INSERT INTO janaria_janariak (id, izena, osagaiak, prezioa, mota, alergenoak, argazki_url, submota) VALUES (93, 'Château De La Loire', '', '12.99', 'Edariak', 'Ez', 'https://media.istockphoto.com/photos/bordeaux-wine-bottle-of-pomerol-from-1999-picture-id458944037?k=20&m=458944037&s=612x612&w=0&h=tZ7laqCfOwRVv-0TFrQtVh3bg0kkoIdgafJ3FhnAq08=', 'Alkoholdun edariak');

-- Index: auth_group_permissions_group_id_b120cbf9
DROP INDEX IF EXISTS auth_group_permissions_group_id_b120cbf9;
CREATE INDEX "auth_group_permissions_group_id_b120cbf9" ON "auth_group_permissions" ("group_id");

-- Index: auth_group_permissions_group_id_permission_id_0cd325b0_uniq
DROP INDEX IF EXISTS auth_group_permissions_group_id_permission_id_0cd325b0_uniq;
CREATE UNIQUE INDEX "auth_group_permissions_group_id_permission_id_0cd325b0_uniq" ON "auth_group_permissions" ("group_id", "permission_id");

-- Index: auth_group_permissions_permission_id_84c5c92e
DROP INDEX IF EXISTS auth_group_permissions_permission_id_84c5c92e;
CREATE INDEX "auth_group_permissions_permission_id_84c5c92e" ON "auth_group_permissions" ("permission_id");

-- Index: auth_permission_content_type_id_2f476e4b
DROP INDEX IF EXISTS auth_permission_content_type_id_2f476e4b;
CREATE INDEX "auth_permission_content_type_id_2f476e4b" ON "auth_permission" ("content_type_id");

-- Index: auth_permission_content_type_id_codename_01ab375a_uniq
DROP INDEX IF EXISTS auth_permission_content_type_id_codename_01ab375a_uniq;
CREATE UNIQUE INDEX "auth_permission_content_type_id_codename_01ab375a_uniq" ON "auth_permission" ("content_type_id", "codename");

-- Index: auth_user_groups_group_id_97559544
DROP INDEX IF EXISTS auth_user_groups_group_id_97559544;
CREATE INDEX "auth_user_groups_group_id_97559544" ON "auth_user_groups" ("group_id");

-- Index: auth_user_groups_user_id_6a12ed8b
DROP INDEX IF EXISTS auth_user_groups_user_id_6a12ed8b;
CREATE INDEX "auth_user_groups_user_id_6a12ed8b" ON "auth_user_groups" ("user_id");

-- Index: auth_user_groups_user_id_group_id_94350c0c_uniq
DROP INDEX IF EXISTS auth_user_groups_user_id_group_id_94350c0c_uniq;
CREATE UNIQUE INDEX "auth_user_groups_user_id_group_id_94350c0c_uniq" ON "auth_user_groups" ("user_id", "group_id");

-- Index: auth_user_user_permissions_permission_id_1fbb5f2c
DROP INDEX IF EXISTS auth_user_user_permissions_permission_id_1fbb5f2c;
CREATE INDEX "auth_user_user_permissions_permission_id_1fbb5f2c" ON "auth_user_user_permissions" ("permission_id");

-- Index: auth_user_user_permissions_user_id_a95ead1b
DROP INDEX IF EXISTS auth_user_user_permissions_user_id_a95ead1b;
CREATE INDEX "auth_user_user_permissions_user_id_a95ead1b" ON "auth_user_user_permissions" ("user_id");

-- Index: auth_user_user_permissions_user_id_permission_id_14a6b632_uniq
DROP INDEX IF EXISTS auth_user_user_permissions_user_id_permission_id_14a6b632_uniq;
CREATE UNIQUE INDEX "auth_user_user_permissions_user_id_permission_id_14a6b632_uniq" ON "auth_user_user_permissions" ("user_id", "permission_id");

-- Index: bezeroa_bezeroak_id_erabiltzaile_id_3c59ea41
DROP INDEX IF EXISTS bezeroa_bezeroak_id_erabiltzaile_id_3c59ea41;
CREATE INDEX "bezeroa_bezeroak_id_erabiltzaile_id_3c59ea41" ON "bezeroa_bezeroak" ("id_erabiltzaile_id");

-- Index: bidalketa_bidalketak_erosketa_id_id_e7a960ee
DROP INDEX IF EXISTS bidalketa_bidalketak_erosketa_id_id_e7a960ee;
CREATE INDEX "bidalketa_bidalketak_erosketa_id_id_e7a960ee" ON "bidalketa_bidalketak" ("erosketa_id_id");

-- Index: bidalketa_txartelak_bezero_dni_id_6767be01
DROP INDEX IF EXISTS bidalketa_txartelak_bezero_dni_id_6767be01;
CREATE INDEX "bidalketa_txartelak_bezero_dni_id_6767be01" ON "bidalketa_txartelak" ("bezero_dni_id");

-- Index: django_admin_log_content_type_id_c4bce8eb
DROP INDEX IF EXISTS django_admin_log_content_type_id_c4bce8eb;
CREATE INDEX "django_admin_log_content_type_id_c4bce8eb" ON "django_admin_log" ("content_type_id");

-- Index: django_admin_log_user_id_c564eba6
DROP INDEX IF EXISTS django_admin_log_user_id_c564eba6;
CREATE INDEX "django_admin_log_user_id_c564eba6" ON "django_admin_log" ("user_id");

-- Index: django_content_type_app_label_model_76bd3d3b_uniq
DROP INDEX IF EXISTS django_content_type_app_label_model_76bd3d3b_uniq;
CREATE UNIQUE INDEX "django_content_type_app_label_model_76bd3d3b_uniq" ON "django_content_type" ("app_label", "model");

-- Index: django_session_expire_date_a5c62663
DROP INDEX IF EXISTS django_session_expire_date_a5c62663;
CREATE INDEX "django_session_expire_date_a5c62663" ON "django_session" ("expire_date");

-- Index: erosketa_erosketak_bezero_dni_id_8e781f86
DROP INDEX IF EXISTS erosketa_erosketak_bezero_dni_id_8e781f86;
CREATE INDEX "erosketa_erosketak_bezero_dni_id_8e781f86" ON "erosketa_erosketak" ("bezero_dni_id");

-- Index: erosketa_saskiak_erosketa_id_id_a56b874c
DROP INDEX IF EXISTS erosketa_saskiak_erosketa_id_id_a56b874c;
CREATE INDEX "erosketa_saskiak_erosketa_id_id_a56b874c" ON "erosketa_saskiak" ("erosketa_id_id");

-- Index: erosketa_saskiak_janari_id_id_8f469ccd
DROP INDEX IF EXISTS erosketa_saskiak_janari_id_id_8f469ccd;
CREATE INDEX "erosketa_saskiak_janari_id_id_8f469ccd" ON "erosketa_saskiak" ("janari_id_id");

COMMIT TRANSACTION;
PRAGMA foreign_keys = on;
